view,run,permuted_salt_node,degree,strength,betweenness_lcc,pagerank,in_lcc,largest_component_nodes,components,global_efficiency_loss
validated,1,foodgrains,3,3.0,0,0.0016457458486346063,False,836,143,-0.00017100422988095
validated,2,white radish,1,1.0,0.0,0.0003978741896254168,True,835,141,6.75546428417495e-05
validated,3,maize or millet,1,1.0,0.0,0.00041407656701332224,True,835,141,4.2530558795120244e-05
validated,4,food grains,1,1.0,0.0,0.0004013962462712687,True,835,141,6.387167793754644e-05
validated,5,coarse wool,1,1.0,0,0.0008539709649871904,False,836,141,-0.0001761221990710382
validated,6,260 young goats,1,1.0,0.0,0.0004314085513180203,True,835,141,5.369144534733694e-05
validated,7,salt from the lakes in trucks,1,1.0,0,0.0008539709649871904,False,836,141,-0.0001761221990710382
validated,8,"barley, wooden wares and other basic necessities",1,1.0,0,0.0008539709649871904,False,836,141,-0.00017612219907099658
validated,9,animals,5,5.0,0.032916200855444916,0.0016166837591619625,True,833,143,0.0010007774831405913
validated,10,yaks and horses,1,1.0,0.0,0.00037695309742996695,True,835,141,0.00012534881669142017
validated,11,indian tea,1,1.0,0,0.0008539709649871904,False,836,141,-0.0001761221990710382
validated,12,grain,18,18.0,0.04577033666327455,0.004733189137681169,True,826,146,0.002508639680207078
validated,13,nine camels,1,1.0,0.0,0.00039682138018365084,True,835,141,4.8475991029167664e-05
validated,14,"tea, tibetan boots and coats, leather belts with pockets and similar goods",1,1.0,0.0,0.0004450527634219006,True,835,141,3.3031139543351906e-05
validated,15,movements of goods from namche bazar across the nangpa la to kyabrak,1,1.0,0.0,0.00037064805652077917,True,835,141,0.00010444812142400284
validated,16,chang-luk sheep,1,1.0,0,0.0008539709649871904,False,836,141,-0.0001761221990710382
validated,17,barley,4,4.0,0.005098911526979172,0.0010990768483673924,True,834,142,0.000408046982198762
validated,18,tea,8,8.0,0.0371796602378737,0.0024211225645482232,True,830,145,0.0014629220380997787
validated,19,hair,1,1.0,0.0,0.00035863540268199056,True,835,141,9.544177224100892e-05
validated,20,copper and brass vessels,1,1.0,0.0,0.00037064805652077917,True,835,141,0.00010444812142400284
validated,21,boat,3,3.0,0.0073378541847813,0.001002219594106434,True,832,142,0.000526835353061042
validated,22,tsakalho salt taxes,1,1.0,0.0,0.0003867085315693333,True,835,141,5.8566862255221563e-05
validated,23,dairy produce and meat,1,1.0,0.0,0.00035342897035290895,True,835,141,0.0001022372979991859
validated,24,two horses,1,1.0,0.0,0.00040849109786232835,True,835,141,4.133636598289969e-05
validated,25,boat,3,3.0,0.0073378541847813,0.001002219594106434,True,832,142,0.000526835353061042
validated,26,maize or millet,1,1.0,0.0,0.00041407656701332224,True,835,141,4.2530558795120244e-05
validated,27,food grains,1,1.0,0.0,0.0004013962462712687,True,835,141,6.387167793754644e-05
validated,28,"sugar, tea, stearine candles, petroleum, leather trunks, saddles, and so forth",1,1.0,0.0,0.0004345797147809774,True,835,141,1.876797871473712e-05
validated,29,sheep,6,6.0,0.006110179275145881,0.0017552449908783336,True,833,143,0.000597625381078451
validated,30,milk,1,1.0,0.0,0.00035863540268199056,True,835,141,9.544177224100892e-05
validated,31,unrefined sugar,1,1.0,0.0,0.0004915781515873027,True,835,141,-1.5694649133646266e-05
validated,32,"agricultural advances, chiefly seed-grain",1,1.0,0.0,0.0004377794087450247,True,835,141,6.249005836427013e-05
validated,33,movements of goods from namche bazar across the nangpa la to kyabrak,1,1.0,0.0,0.00037064805652077917,True,835,141,0.00010444812142400284
validated,34,apricots,1,1.0,0.0,0.0003978741896254168,True,835,141,6.75546428417495e-05
validated,35,"wood, milk, vegetables",1,1.0,0,0.0008539709649871904,False,836,141,-0.0001761221990710521
validated,36,cultivator,1,1.0,0,0.0008539709649871904,False,836,141,-0.0001761221990710382
validated,37,wells,2,2.0,0,0.0010189649041948926,False,836,142,-0.0001711260862902464
validated,38,yak-caravan,1,1.0,0.0,0.00037695309742996695,True,835,141,0.00012534881669112874
validated,39,clothes to wear,1,1.0,0.0,0.00035164399310309044,True,835,141,7.866794736907656e-05
validated,40,wool,10,10.0,0.03410668997022953,0.002509507490572132,True,835,141,0.0005290658001109866
validated,41,rock salt,3,3.0,0.0007408630649184312,0.000988584654609929,True,835,141,4.202820442809896e-05
validated,42,salt production,1,1.0,0,0.0008539709649871904,False,836,141,-0.00017612219907099658
validated,43,salt from the lakes in trucks,1,1.0,0,0.0008539709649871904,False,836,141,-0.0001761221990710382
validated,44,wheat,1,1.0,0.0,0.0004129650451886786,True,835,141,4.363713104386935e-05
validated,45,camels,10,11.0,0.035222803860731004,0.0031613221702289,True,833,143,0.0010126684693516075
validated,46,tsakalho salt taxes,1,1.0,0.0,0.0003867085315693333,True,835,141,5.8566862255221563e-05
validated,47,boat,3,3.0,0.0073378541847813,0.001002219594106434,True,832,142,0.000526835353061042
validated,48,crops,2,2.0,0.0023952095808383233,0.0008184081008506808,True,834,142,0.00020114362500142646
validated,49,enormous herds of yak and sheep,1,1.0,0,0.0008539709649871904,False,836,141,-0.00017612219907099658
validated,50,cotton textiles and manufactured goods,1,1.0,0.0,0.0003859638538223424,True,835,141,6.846276322614031e-05
validated,51,"beds, warm clothes, and provisions",1,1.0,0,0.000559785653736203,False,836,141,-0.00017417249652240674
validated,52,woolen blankets,1,1.0,0.0,0.00036008298985315047,True,835,141,6.400165810831193e-05
validated,53,the camels,4,5.0,0.009560734645816282,0.001714031785962944,True,831,144,0.000813759192883845
validated,54,"the horses, cattle, sheep and camels",1,1.0,0,0.0008539709649871904,False,836,141,-0.00017612219907099658
validated,55,sugar,1,1.0,0.0,0.0003401754452640412,True,835,141,9.618625687496385e-05
validated,56,salt mining in the punjab,1,1.0,0,0.0008539709649871904,False,836,141,-0.00017612219907099658
validated,57,porcelain cups,1,1.0,0,0.0008539709649871904,False,836,141,-0.00017612219907099658
validated,58,clothes to wear,1,1.0,0.0,0.00035164399310309044,True,835,141,7.866794736907656e-05
validated,59,wild camel,1,1.0,0.0,0.000472328403279522,True,835,141,-2.0008577028801655e-05
validated,60,charas,1,1.0,0.0,0.00040238309816282994,True,835,141,6.811349427028601e-05
validated,61,salt mining in the punjab,1,1.0,0,0.0008539709649871904,False,836,141,-0.00017612219907099658
validated,62,availability of a reasonable amount of cash,1,1.0,0.0,0.00036264250478117697,True,835,141,7.028770802201822e-05
validated,63,tibetan horses,1,1.0,0.0,0.00038551492702502033,True,835,141,6.510416847810285e-05
validated,64,duties on goods imported and expo.rtoa,1,1.0,0,0.0005432263772860355,False,836,141,-0.00017380692729457303
validated,65,trade goods,1,1.0,0,0.0008539709649871904,False,836,141,-0.00017612219907099658
validated,66,four horses,1,1.0,0.0,0.00046798065347516266,True,835,141,2.7423265386544715e-05
validated,67,coarse wool,1,1.0,0,0.0008539709649871904,False,836,141,-0.0001761221990710382
validated,68,cultivator,1,1.0,0,0.0008539709649871904,False,836,141,-0.0001761221990710382
validated,69,two sheep,1,1.0,0.0,0.00037695309742996695,True,835,141,0.00012534881669142017
validated,70,movements of goods from namche bazar across the nangpa la to kyabrak,1,1.0,0.0,0.00037064805652077917,True,835,141,0.00010444812142400284
validated,71,iron,1,1.0,0.0,0.0003987228114909378,True,835,141,6.691750790153994e-05
validated,72,duties on goods imported and expo.rtoa,1,1.0,0,0.0005432263772860355,False,836,141,-0.00017380692729457303
validated,73,white radish,1,1.0,0.0,0.0003978741896254168,True,835,141,6.75546428417495e-05
validated,74,mining and minerals,1,1.0,0.0,0.00035665159594131446,True,835,141,0.00012662134576575668
validated,75,movements of goods from namche bazar across the nangpa la to kyabrak,1,1.0,0.0,0.00037064805652077917,True,835,141,0.00010444812142400284
validated,76,goats,4,4.0,0.00244666825062218,0.0010544785628555286,True,835,141,0.00013966578424724763
validated,77,thousands and thousands of sheep,1,1.0,0.0,0.0003642000572336326,True,835,141,6.21767133115736e-05
validated,78,milk,1,1.0,0.0,0.00035863540268199056,True,835,141,9.544177224100892e-05
validated,79,woolen blankets,1,1.0,0.0,0.00036008298985315047,True,835,141,6.400165810831193e-05
validated,80,duties on goods imported and expo.rtoa,1,1.0,0,0.0005432263772860355,False,836,141,-0.00017380692729457303
validated,81,"cash, a musk deer, a yak-tail, a pony and a hawk",1,1.0,0,0.0008539709649871904,False,836,141,-0.00017612219907099658
validated,82,enormous herds of yak and sheep,1,1.0,0,0.0008539709649871904,False,836,141,-0.00017612219907099658
validated,83,"the horses, cattle, sheep and camels",1,1.0,0,0.0008539709649871904,False,836,141,-0.00017612219907099658
validated,84,chang-luk sheep,1,1.0,0,0.0008539709649871904,False,836,141,-0.0001761221990710382
validated,85,tea,8,8.0,0.0371796602378737,0.0024211225645482232,True,830,145,0.0014629220380997787
validated,86,rice,3,3.0,0.002511875564583102,0.0009351482694925394,True,834,142,0.00031907033348442526
validated,87,salter water,1,1.0,0.0,0.0004439793285749274,True,835,141,5.8859317636952846e-05
validated,88,camels,10,11.0,0.035222803860731004,0.0031613221702289,True,833,143,0.0010126684693516075
validated,89,boat,3,3.0,0.0073378541847813,0.001002219594106434,True,832,142,0.000526835353061042
validated,90,wooden tubes or buckets,1,1.0,0,0.0005735302744714855,False,836,141,-0.00017453806575028208
validated,91,trade goods,1,1.0,0,0.0008539709649871904,False,836,141,-0.00017612219907099658
validated,92,long dagger,1,1.0,0.0,0.0003864369083591596,True,835,141,6.643066253372854e-05
validated,93,rice and ice,1,1.0,0.0,0.0004254030296389666,True,835,141,3.2562704515348706e-05
validated,94,goods imported and expo.rtoa,1,1.0,0,0.0005432263772860355,False,836,141,-0.00017380692729457303
validated,95,the expedition (mainly meat),1,1.0,0.0,0.00039747453325505056,True,835,141,5.423109515802216e-05
validated,96,the boat,5,7.0,0.007569513251674111,0.0022979726338851155,True,832,144,0.0006002985203350519
validated,97,salt lake,2,2.0,0.0023952095808383233,0.0008116043765724637,True,834,142,0.0002925044757235984
validated,98,livestock,5,5.0,0.00510405406338548,0.001358935673109516,True,834,142,0.0003826149693150621
validated,99,ferry-boat,4,4.0,0.016470925751340244,0.001262733460259497,True,835,141,0.00024874895150144016
validated,100,tibetan horses,1,1.0,0.0,0.00038551492702502033,True,835,141,6.510416847810285e-05
validated_probable,1,refined salt,2,2.0,0.00034699620205893845,0.0006163667946180897,True,927,163,4.4877232298110026e-05
validated_probable,2,cotton clothes,1,1.0,0.0,0.00043555255593922377,True,927,163,-9.871262337077247e-06
validated_probable,3,"cash, a musk deer, a yak-tail, a pony and a hawk",1,1.0,0,0.0007564296520423601,False,928,163,-0.00014837603171898028
validated_probable,4,hair,1,1.0,0.0,0.00032078484240385014,True,927,163,8.563607303713194e-05
validated_probable,5,sheep,6,6.0,0.005618455410434913,0.0015763261694947345,True,925,165,0.0005184419178984184
validated_probable,6,the salt from this place,1,1.0,0,0.0007564296520423601,False,928,163,-0.00014837603171899416
validated_probable,7,"the horses, cattle, sheep and camels",1,1.0,0,0.0007564296520423601,False,928,163,-0.00014837603171902192
validated_probable,8,charas,1,1.0,0.0,0.0003604879132279347,True,927,163,6.5153582318081e-05
validated_probable,9,salt pans,1,1.0,0.0,0.00033859815595975505,True,927,163,6.279310166998342e-05
validated_probable,10,tibetan horses,1,1.0,0.0,0.00034189100692311755,True,927,163,6.21986782909506e-05
validated_probable,11,british capital,1,1.0,0,0.0007564296520423601,False,928,163,-0.00014837603171899416
validated_probable,12,sugarcane and tobacco cultivation,1,1.0,0.0,0.0004070268592180075,True,927,163,1.4296660978199704e-05
validated_probable,13,rock salt,3,3.0,0.0006900775835640854,0.0008832767149257165,True,927,163,4.123320544444087e-05
validated_probable,14,barley,5,5.0,0.009309605329070174,0.0012780955808026522,True,924,165,0.0007514546002480166
validated_probable,15,chang-pa goats,1,1.0,0,0.0007564296520423601,False,928,163,-0.00014837603171899416
validated_probable,16,blue chinese cloth,1,1.0,0,0.0005810952366204381,False,928,163,-0.00014780254514999702
validated_probable,17,water of salt lakes,1,1.0,0.0,0.0003786650650318016,True,927,163,2.8948800397152197e-05
validated_probable,18,camels,10,11.0,0.032817706097380495,0.0027748299301720916,True,925,165,0.0008972344054580944
validated_probable,19,four camels from abdall,1,1.0,0.0,0.0003848087279315611,True,927,163,1.9489403938199867e-05
validated_probable,20,"pashm, or 'cashmere",1,1.0,0,0.0007564296520423601,False,928,163,-0.00014837603171899416
validated_probable,21,the camels,4,5.0,0.008613679837651822,0.0015117067602584547,True,923,166,0.0007048955593891015
validated_probable,22,salt production,1,1.0,0,0.0007564296520423601,False,928,163,-0.00014837603171898028
validated_probable,23,animals,5,5.0,0.03028206060716134,0.0014320090162140684,True,925,165,0.0008624492717389798
validated_probable,24,camel's back,1,1.0,0,0.0007564296520423601,False,928,163,-0.00014837603171902192
validated_probable,25,horses,5,5.0,0.008047399259525185,0.0015138025250943064,True,924,165,0.00048438612555225247
validated_probable,26,chinu millet,1,1.0,0.0,0.00036044373026142507,True,927,163,5.798768971786161e-05
validated_probable,27,"ordinary goats, sheep, and cows",1,1.0,0.0,0.00036752221840325713,True,927,163,5.4695231330920135e-05
validated_probable,28,260 young goats,1,1.0,0.0,0.0003838486626087726,True,927,163,5.0241524705729734e-05
validated_probable,29,tibetan horses,1,1.0,0.0,0.00034189100692311755,True,927,163,6.21986782909506e-05
validated_probable,30,animals,5,5.0,0.03028206060716134,0.0014320090162140684,True,925,165,0.0008624492717389798
validated_probable,31,thousanns of mules,1,1.0,0,0.0007564296520423601,False,928,163,-0.00014837603171902192
validated_probable,32,tibetan horses,1,1.0,0.0,0.00034189100692311755,True,927,163,6.21986782909506e-05
validated_probable,33,"cash, a musk deer, a yak-tail, a pony and a hawk",1,1.0,0,0.0007564296520423601,False,928,163,-0.00014837603171898028
validated_probable,34,sheep,6,6.0,0.005618455410434913,0.0015763261694947345,True,925,165,0.0005184419178984184
validated_probable,35,distribution of salt,1,1.0,0,0.0007564296520423601,False,928,163,-0.00014837603171898028
validated_probable,36,goats,4,4.0,0.002281565632704589,0.0009459321503058983,True,927,163,0.00012351804695405477
validated_probable,37,the horses,1,1.0,0.0,0.0004242023804057464,True,927,163,-3.802757194790174e-06
validated_probable,38,cultivator,1,1.0,0,0.0007564296520423601,False,928,163,-0.00014837603171898028
validated_probable,39,big salt lake of ayag-kum-kiill,1,1.0,0.0,0.0003470530553354952,True,927,163,4.589117806819143e-05
validated_probable,40,water of salt lakes,1,1.0,0.0,0.0003786650650318016,True,927,163,2.8948800397152197e-05
validated_probable,41,"yak, sheep and goats",1,1.0,0,0.0007564296520423601,False,928,163,-0.00014837603171898028
validated_probable,42,tarim ferry-boat,1,1.0,0,0.0005810952366204381,False,928,163,-0.0001478025451500803
validated_probable,43,wool,10,10.0,0.03113177976218935,0.002238084826323589,True,927,163,0.00045488367587871725
validated_probable,44,tonkuzlik (belt of wood),1,1.0,0.0,0.00036478780942568223,True,927,163,3.678594091774401e-05
validated_probable,45,rice,3,3.0,0.002266246418199701,0.0008397184708627136,True,926,164,0.00028034891416339747
validated_probable,46,salter water,1,1.0,0.0,0.00039268965002985345,True,927,163,5.4787088486232816e-05
validated_probable,47,"barley, buckwheat and oats",1,1.0,0,0.0004700952928563249,False,928,163,-0.00014613943409999552
validated_probable,48,nine camels,1,1.0,0.0,0.00035727909377951655,True,927,163,4.531541575815423e-05
validated_probable,49,mining and minerals,1,1.0,0.0,0.00031922057078879204,True,927,163,0.00011347657021956725
validated_probable,50,tonkuzlik (belt of wood),1,1.0,0.0,0.00036478780942568223,True,927,163,3.678594091774401e-05
validated_probable,51,grain and cloth,1,1.0,0.0,0.0003486394209538471,True,927,163,4.1556016828897535e-05
validated_probable,52,livestock,5,5.0,0.0046749574188617,0.0012122183199177225,True,926,164,0.00033196725685175066
validated_probable,53,pack-horses,2,2.0,0.002157497303128371,0.000678778170794172,True,926,164,0.00031675161547260744
validated_probable,54,charas,1,1.0,0.0,0.0003604879132279347,True,927,163,6.5153582318081e-05
validated_probable,55,the boat,5,7.0,0.006816320159019734,0.0020381115162979484,True,924,166,0.0005210366343014472
validated_probable,56,boat,3,3.0,0.006590285956402749,0.000889129782963529,True,924,164,0.0004580632989229505
validated_probable,57,camel's back,1,1.0,0,0.0007564296520423601,False,928,163,-0.00014837603171902192
validated_probable,58,animals,5,5.0,0.03028206060716134,0.0014320090162140684,True,925,165,0.0008624492717389798
validated_probable,59,woolen goods,1,1.0,0.0,0.0003218645925172316,True,927,163,6.394102648177302e-05
validated_probable,60,clothes to wear,1,1.0,0.0,0.0003108001415748,True,927,163,7.244186837329636e-05
validated_probable,61,raw wool,1,1.0,0.0,0.0003330674742749432,True,927,163,3.687834870499951e-05
validated_probable,62,tibetan wool,1,2.0,0.0,0.0005088466594363729,True,927,163,4.355544092574104e-05
validated_probable,63,tsakhalho: salt production and the preservation of a catholic church,1,1.0,0,0.0007564296520423601,False,928,163,-0.00014837603171898028
validated_probable,64,chronometers,2,2.0,0,0.0009269272349275723,False,928,164,-0.0001447439501155029
validated_probable,65,unrefined sugar (ghuv),1,1.0,0.0,0.00036732561912209734,True,927,163,3.995521968568061e-05
validated_probable,66,tibetan horses,1,1.0,0.0,0.00034189100692311755,True,927,163,6.21986782909506e-05
validated_probable,67,the sheep,1,1.0,0.0,0.00035534941434842225,True,927,163,5.451946142001618e-05
validated_probable,68,woolen blankets,1,1.0,0.0,0.00032017718170244036,True,927,163,5.842872819827871e-05
validated_probable,69,butter,6,6.0,0.025104649106228137,0.0014533269291118968,True,927,163,0.0003981871029362094
validated_probable,70,two horses,1,1.0,0.0,0.000369426334126311,True,927,163,4.0135872091964786e-05
validated_probable,71,"barley, buckwheat and oats",1,1.0,0,0.0004700952928563249,False,928,163,-0.00014613943409999552
validated_probable,72,"sugar, tea, stearine candles, petroleum, leather trunks, saddles, and so forth",1,1.0,0.0,0.0003848087279315611,True,927,163,1.9489403938199867e-05
validated_probable,73,coarse wool,1,1.0,0.0,0.00040703581431757895,True,927,163,2.1016880862909093e-05
validated_probable,74,thousanns of mules,1,1.0,0,0.0007564296520423601,False,928,163,-0.00014837603171902192
validated_probable,75,butter,6,6.0,0.025104649106228137,0.0014533269291118968,True,927,163,0.0003981871029362094
validated_probable,76,tea plantations,2,2.0,0.0069292070690189665,0.0006100842692481553,True,927,163,0.00014020341874253217
validated_probable,77,tibetan wool and woollen cloth,1,1.0,0.0,0.00033465840053539147,True,927,163,9.436626817917182e-05
validated_probable,78,salt mining in the punjab,1,1.0,0,0.0007564296520423601,False,928,163,-0.00014837603171898028
validated_probable,79,"wool, blankets, sweaters, mufflers, and other woolen goods",1,1.0,0.0,0.00035347360745481435,True,927,163,2.668281230817915e-05
validated_probable,80,pashm,4,5.0,0.008517739547377896,0.0012493382456200013,True,925,164,0.0005585131954114059
validated_probable,81,"cloth, chinese porcelain cups, and knives",1,1.0,0.0,0.00033714824831078166,True,927,163,0.00011108749799708384
validated_probable,82,the salt from this place,1,1.0,0,0.0007564296520423601,False,928,163,-0.00014837603171899416
validated_probable,83,wool,10,10.0,0.03113177976218935,0.002238084826323589,True,927,163,0.00045488367587871725
validated_probable,84,"tea, tibetan boots and coats, leather belts with pockets and similar goods",1,1.0,0.0,0.00039556563651592077,True,927,163,3.325855609992434e-05
validated_probable,85,water of salt lakes,1,1.0,0.0,0.0003786650650318016,True,927,163,2.8948800397152197e-05
validated_probable,86,walnuts,1,1.0,0.0,0.0003527713925264716,True,927,163,6.216458356171628e-05
validated_probable,87,salt mining in the punjab,1,1.0,0,0.0007564296520423601,False,928,163,-0.00014837603171898028
validated_probable,88,cotton clothes,1,1.0,0.0,0.00043555255593922377,True,927,163,-9.871262337077247e-06
validated_probable,89,copper and brass vessels,1,1.0,0.0,0.00033465840053539147,True,927,163,9.436626817917182e-05
validated_probable,90,water of salt lakes,1,1.0,0.0,0.0003786650650318016,True,927,163,2.8948800397152197e-05
validated_probable,91,grain,18,18.0,0.04692733726333274,0.0041777813277943015,True,918,167,0.002198015488975913
validated_probable,92,chang-luk sheep,2,2.0,0.002157497303128371,0.0006914695400684005,True,926,164,0.00022480078165994233
validated_probable,93,the horses,1,1.0,0.0,0.0004242023804057464,True,927,163,-3.802757194790174e-06
validated_probable,94,tonkuzlik (belt of wood),1,1.0,0.0,0.00036478780942568223,True,927,163,3.678594091774401e-05
validated_probable,95,chronometers,2,2.0,0,0.0009269272349275723,False,928,164,-0.0001447439501155029
validated_probable,96,salt mining in the punjab,1,1.0,0,0.0007564296520423601,False,928,163,-0.00014837603171898028
validated_probable,97,tibetan wool in pongdzu,1,1.0,0,0.0005308278259908662,False,928,163,-0.00014742022077068873
validated_probable,98,yaks and horses,1,1.0,0.0,0.00033714824831078166,True,927,163,0.00011108749799708384
validated_probable,99,raw wool,1,1.0,0.0,0.0003330674742749432,True,927,163,3.687834870499951e-05
validated_probable,100,mining and minerals,1,1.0,0.0,0.00031922057078879204,True,927,163,0.00011347657021956725
validated_no_concept,1,indian tea,1,1.0,0,0.0018484288354898336,False,279,105,-0.00024711790809721357
validated_no_concept,2,cloth,3,3.0,0.0018350784232663575,0.0018069344733384774,True,278,105,0.0002582679884448741
validated_no_concept,3,livestock,4,4.0,0.004318487315164264,0.0022377264684693985,True,278,105,0.0003128222776929146
validated_no_concept,4,"tea, tibetan boots and coats, leather belts with pockets and similar goods",1,1.0,0.0,0.0009614350947806227,True,278,105,0.00013261888320399706
validated_no_concept,5,yak,8,9.0,0.032055870899597376,0.00512212894094267,True,275,108,0.0017749573962909243
validated_no_concept,6,camel,2,2.0,0,0.0018637497635443413,False,279,106,-0.00016830908779200127
validated_no_concept,7,cotton textiles and manufactured goods,1,1.0,0.0,0.0008397997568980026,True,278,105,0.0001910997069911463
validated_no_concept,8,goods imported and expo.rtoa,1,1.0,0,0.001177718990640138,False,279,105,-0.00023623813531267746
validated_no_concept,9,chang-luk sheep,1,1.0,0,0.0018484288354898336,False,279,105,-0.0002471179080971858
validated_no_concept,10,porcelain cups,1,1.0,0,0.0018484288354898336,False,279,105,-0.00024711790809721357
validated_no_concept,11,semi-luxuries like tea and rice,1,1.0,0.0,0.0007572710323744464,True,278,105,0.0002903755885794723
validated_no_concept,12,food grains,1,1.0,0.0,0.0009779476560958986,True,278,105,0.0001514035335078434
validated_no_concept,13,foodgrains,3,3.0,0,0.003552736048928462,False,279,107,-0.00022306788404719002
validated_no_concept,14,walnuts,1,1.0,0.0,0.0008639351992533145,True,278,105,0.00020027798147513598
validated_no_concept,15,goats,4,4.0,0.006946248956611784,0.002238600106851105,True,278,105,0.0003300254071408326
validated_no_concept,16,camels,3,3.0,0,0.002565413249613843,False,279,107,-0.00014036525032443126
validated_no_concept,17,long dagger,1,1.0,0.0,0.0008317448948418284,True,278,105,0.0001763697489501337
validated_no_concept,18,fish,1,1.0,0,0.0018484288354898336,False,279,105,-0.00024711790809721357
validated_no_concept,19,british capital,1,1.0,0,0.0018484288354898336,False,279,105,-0.0002471179080971858
validated_no_concept,20,salt mines,3,3.0,0.021426901799859753,0.002274505254069956,True,275,106,0.0010851589792192917
validated_no_concept,21,camels,3,3.0,0,0.002565413249613843,False,279,107,-0.00014036525032443126
validated_no_concept,22,salt lake,1,1.0,0.0,0.0008778559178397331,True,278,105,0.0001621033401259242
validated_no_concept,23,refined salt,2,2.0,0.0020691225162305367,0.001547601106244948,True,278,105,0.0001726831692998726
validated_no_concept,24,food grains,1,1.0,0.0,0.0009779476560958986,True,278,105,0.0001514035335078434
validated_no_concept,25,cotton textiles and manufactured goods,1,1.0,0.0,0.0008397997568980026,True,278,105,0.0001910997069911463
validated_no_concept,26,sugar,1,1.0,0.0,0.0007307344012498847,True,278,105,0.0002478381310761779
validated_no_concept,27,charas,1,1.0,0.0,0.0008990363070445627,True,278,105,0.00016569720993304948
validated_no_concept,28,white radish,1,1.0,0.0,0.0008639351992533145,True,278,105,0.00020027798147513598
validated_no_concept,29,tibetan luxury goods,1,1.0,0.0,0.0009779476560958986,True,278,105,0.00015140353350781566
validated_no_concept,30,tibetan luxury goods,1,1.0,0.0,0.0009779476560958986,True,278,105,0.00015140353350781566
validated_no_concept,31,semi-luxuries like tea and rice,1,1.0,0.0,0.0007572710323744464,True,278,105,0.0002903755885794723
validated_no_concept,32,food grains,1,1.0,0.0,0.0009779476560958986,True,278,105,0.0001514035335078434
validated_no_concept,33,"barley, wooden wares and other basic necessities",1,1.0,0,0.0018484288354898336,False,279,105,-0.00024711790809721357
validated_no_concept,34,semi-luxuries like tea and rice,1,1.0,0.0,0.0007572710323744464,True,278,105,0.0002903755885794723
validated_no_concept,35,livestock,4,4.0,0.004318487315164264,0.0022377264684693985,True,278,105,0.0003128222776929146
validated_no_concept,36,yak,8,9.0,0.032055870899597376,0.00512212894094267,True,275,108,0.0017749573962909243
validated_no_concept,37,white radish,1,1.0,0.0,0.0008639351992533145,True,278,105,0.00020027798147513598
validated_no_concept,38,sheep,4,4.0,0.004065936124169453,0.0023622347691047234,True,278,105,0.00029135722221426685
validated_no_concept,39,spices,1,1.0,0.0,0.0007307344012498847,True,278,105,0.0002478381310761779
validated_no_concept,40,milk,1,1.0,0.0,0.000761038792170393,True,278,105,0.0001985110409329638
validated_no_concept,41,tea,5,5.0,0.023384509771421515,0.0032007511169604846,True,276,107,0.0011109885860637464
validated_no_concept,42,tibetan salt,12,13.0,0.08353585505820406,0.007644248099014953,True,275,108,0.002336175936793236
validated_no_concept,43,fish,1,1.0,0,0.0018484288354898336,False,279,105,-0.00024711790809721357
validated_no_concept,44,salt from the lakes in trucks,1,1.0,0,0.0018484288354898336,False,279,105,-0.0002471179080971858
validated_no_concept,45,"cash, a musk deer, a yak-tail, a pony and a hawk",1,1.0,0,0.0018484288354898336,False,279,105,-0.00024711790809721357
validated_no_concept,46,charas,1,1.0,0.0,0.0008990363070445627,True,278,105,0.00016569720993304948
validated_no_concept,47,"barley, wooden wares and other basic necessities",1,1.0,0,0.0018484288354898336,False,279,105,-0.00024711790809721357
validated_no_concept,48,chinu millet,1,1.0,0.0,0.00093791477209614,True,278,105,0.00016537545224160066
validated_no_concept,49,spices,1,1.0,0.0,0.0007307344012498847,True,278,105,0.0002478381310761779
validated_no_concept,50,woolen goods,1,1.0,0.0,0.000770419074668915,True,278,105,0.00019802022411569142
validated_no_concept,51,the camels,1,1.0,0,0.0018484288354898336,False,279,105,-0.00024711790809721357
validated_no_concept,52,dairy produce and meat,1,1.0,0.0,0.0007608768176880626,True,278,105,0.0002579653180741215
validated_no_concept,53,coarse wool,1,1.0,0,0.0018484288354898336,False,279,105,-0.0002471179080971858
validated_no_concept,54,semi-luxuries like tea and rice,1,1.0,0.0,0.0007572710323744464,True,278,105,0.0002903755885794723
validated_no_concept,55,"barley, wooden wares and other basic necessities",1,1.0,0,0.0018484288354898336,False,279,105,-0.00024711790809721357
validated_no_concept,56,tea and home-brewed beer,1,1.0,0,0.0018484288354898336,False,279,105,-0.00024711790809721357
validated_no_concept,57,"yak, sheep and goats",1,1.0,0,0.0018484288354898336,False,279,105,-0.0002471179080971858
validated_no_concept,58,pashm,4,5.0,0.017086008267214913,0.0029685957809088,True,277,106,0.0008617681667750371
validated_no_concept,59,chang-luk sheep,1,1.0,0,0.0018484288354898336,False,279,105,-0.0002471179080971858
validated_no_concept,60,salt lake,1,1.0,0.0,0.0008778559178397331,True,278,105,0.0001621033401259242
validated_no_concept,61,mining and minerals,1,1.0,0.0,0.0007717228226756757,True,278,105,0.00029677256776565464
validated_no_concept,62,british capital,1,1.0,0,0.0018484288354898336,False,279,105,-0.0002471179080971858
validated_no_concept,63,sugar,1,1.0,0.0,0.0007307344012498847,True,278,105,0.0002478381310761779
validated_no_concept,64,food grains,1,1.0,0.0,0.0009779476560958986,True,278,105,0.0001514035335078434
validated_no_concept,65,the sheep,1,1.0,0.0,0.0008351821819554454,True,278,105,0.00016800950249469537
validated_no_concept,66,apricots,1,1.0,0.0,0.0008639351992533145,True,278,105,0.00020027798147513598
validated_no_concept,67,salt pans,1,1.0,0.0,0.0009402697482792457,True,278,105,0.00017155974414015396
validated_no_concept,68,the camels,1,1.0,0,0.0018484288354898336,False,279,105,-0.00024711790809721357
validated_no_concept,69,goods imported and expo.rtoa,1,1.0,0,0.001177718990640138,False,279,105,-0.00023623813531267746
validated_no_concept,70,refined salt,2,2.0,0.0020691225162305367,0.001547601106244948,True,278,105,0.0001726831692998726
validated_no_concept,71,goods,1,1.0,0.0,0.0008172538017241586,True,278,105,0.00026783073610282815
validated_no_concept,72,indian salt,4,5.0,0.014938518499279997,0.003250442004759968,True,276,107,0.0010263063245103676
validated_no_concept,73,salt market,1,1.0,0,0.0014223520321301763,False,279,105,-0.00024368219037577965
validated_no_concept,74,semi-luxuries like tea and rice,1,1.0,0.0,0.0007572710323744464,True,278,105,0.0002903755885794723
validated_no_concept,75,salt mining in the punjab,1,1.0,0,0.0018484288354898336,False,279,105,-0.00024711790809721357
validated_no_concept,76,porcelain cups,1,1.0,0,0.0018484288354898336,False,279,105,-0.00024711790809721357
validated_no_concept,77,distribution of salt,1,1.0,0,0.0018484288354898336,False,279,105,-0.00024711790809721357
validated_no_concept,78,iron,1,1.0,0.0,0.0008567642966021566,True,278,105,0.00019149236044467555
validated_no_concept,79,tea-caravan,1,1.0,0.0,0.0008172538017241586,True,278,105,0.00026783073610282815
validated_no_concept,80,dairy produce and meat,1,1.0,0.0,0.0007608768176880626,True,278,105,0.0002579653180741215
validated_no_concept,81,clothes,1,1.0,0,0.0012803264310102906,False,279,105,-0.00024024647265434573
validated_no_concept,82,goods,1,1.0,0.0,0.0008172538017241586,True,278,105,0.00026783073610282815
validated_no_concept,83,iron,1,1.0,0.0,0.0008567642966021566,True,278,105,0.00019149236044467555
validated_no_concept,84,boat,2,2.0,0,0.0019688415978617296,False,279,106,-0.00018663291563952855
validated_no_concept,85,"barley, wooden wares and other basic necessities",1,1.0,0,0.0018484288354898336,False,279,105,-0.00024711790809721357
validated_no_concept,86,distribution of salt,1,1.0,0,0.0018484288354898336,False,279,105,-0.00024711790809721357
validated_no_concept,87,duties on goods imported and expo.rtoa,1,1.0,0,0.001177718990640138,False,279,105,-0.00023623813531267746
validated_no_concept,88,salt pans,1,1.0,0.0,0.0009402697482792457,True,278,105,0.00017155974414015396
validated_no_concept,89,buffaloes,1,1.0,0,0.0018484288354898336,False,279,105,-0.00024711790809721357
validated_no_concept,90,tibetan horses,1,1.0,0.0,0.0008213539568870812,True,278,105,0.00016355670325785
validated_no_concept,91,"warm, high-altitude clothing of western manufacture",1,1.0,0,0.0018484288354898336,False,279,105,-0.00024711790809721357
validated_no_concept,92,rock salt,2,2.0,0.0015578552640599754,0.0015441722127937214,True,278,105,0.00014987109433367563
validated_no_concept,93,sheep and goats,2,2.0,0.007194244604316545,0.001612463911313067,True,277,106,0.0004361999917733006
validated_no_concept,94,camel,2,2.0,0,0.0018637497635443413,False,279,106,-0.00016830908779200127
validated_no_concept,95,charas,1,1.0,0.0,0.0008990363070445627,True,278,105,0.00016569720993304948
validated_no_concept,96,pack-horses,2,2.0,0.007194244604316547,0.001648375373328017,True,277,106,0.0006709331346698849
validated_no_concept,97,fish,1,1.0,0,0.0018484288354898336,False,279,105,-0.00024711790809721357
validated_no_concept,98,ferry-boat,4,4.0,0.015206607277355013,0.00298035705484241,True,276,107,0.0009641361943126953
validated_no_concept,99,yaks and horses,1,1.0,0.0,0.0008172538017241586,True,278,105,0.00026783073610282815
validated_no_concept,100,buffaloes,1,1.0,0,0.0018484288354898336,False,279,105,-0.00024711790809721357
validated_probable_no_concept,1,salt lake,1,1.0,0.0,0.0007527598308785182,True,317,123,0.0001398456964933903
validated_probable_no_concept,2,soil,2,2.0,0.018807650840554246,0.001470126851905093,True,314,124,0.0008926217859140037
validated_probable_no_concept,3,the big ferry-boat,1,1.0,0,0.0007888871433302242,False,318,123,-0.00018170077066320678
validated_probable_no_concept,4,camels,3,3.0,0,0.002048391323529709,False,318,125,-0.00010796618746007625
validated_probable_no_concept,5,chang-pa goats,1,1.0,0,0.001579778830963665,False,318,123,-0.00019423863501356886
validated_probable_no_concept,6,cloth,3,3.0,0.0014226734922138835,0.0015495935850080432,True,317,123,0.00021496740532420122
validated_probable_no_concept,7,the sheep,1,1.0,0.0,0.0007163346337172377,True,317,123,0.0001451235403436696
validated_probable_no_concept,8,chang-luk sheep,2,2.0,0.006309148264984227,0.0015698423258437577,True,316,124,0.00035335756583118605
validated_probable_no_concept,9,tsakalho salt taxes,1,1.0,0.0,0.0007204447506975654,True,317,123,0.0001455414691553525
validated_probable_no_concept,10,porcelain cups,1,1.0,0,0.001579778830963665,False,318,123,-0.00019423863501356886
validated_probable_no_concept,11,british capital,1,1.0,0,0.001579778830963665,False,318,123,-0.00019423863501356886
validated_probable_no_concept,12,tea,6,6.0,0.02825332468861387,0.003410730548656383,True,314,126,0.0012577714354020803
validated_probable_no_concept,13,enormous herds of yak and sheep,1,1.0,0,0.001579778830963665,False,318,123,-0.0001942386350135411
validated_probable_no_concept,14,thousanns of mules,1,1.0,0,0.001579778830963665,False,318,123,-0.0001942386350135411
validated_probable_no_concept,15,thousands and thousands of sheep,1,1.0,0.0,0.0006828080567747351,True,317,123,0.00015841566669232143
validated_probable_no_concept,16,rice,3,3.0,0.006793695667306748,0.0017528204403529913,True,316,124,0.0005416742982366288
validated_probable_no_concept,17,salt from the lakes in trucks,1,1.0,0,0.001579778830963665,False,318,123,-0.00019423863501356886
validated_probable_no_concept,18,mining and minerals,1,1.0,0.0,0.0006679784848906117,True,317,123,0.00025220486244420526
validated_probable_no_concept,19,coarse wool,1,1.0,0.0,0.0009041716220080039,True,317,123,5.426581668489805e-05
validated_probable_no_concept,20,apricots,1,1.0,0.0,0.0007382382712858682,True,317,123,0.00017160629604388855
validated_probable_no_concept,21,big salt lake of ayag-kum-kiill,1,1.0,0.0,0.0008592991229121226,True,317,123,8.844841320558572e-05
validated_probable_no_concept,22,coarse wool,1,1.0,0.0,0.0009041716220080039,True,317,123,5.426581668489805e-05
validated_probable_no_concept,23,the big ferry-boat,1,1.0,0,0.0007888871433302242,False,318,123,-0.00018170077066320678
validated_probable_no_concept,24,camels,3,3.0,0,0.002048391323529709,False,318,125,-0.00010796618746007625
validated_probable_no_concept,25,pashm,4,5.0,0.024223642416850124,0.002614479542146097,True,315,124,0.0010253413218544657
validated_probable_no_concept,26,boat,2,2.0,0,0.0016703361163024051,False,318,124,-0.0001461648808474686
validated_probable_no_concept,27,goose,1,1.0,0.0,0.0007807171559862858,True,317,123,0.00010545811584107556
validated_probable_no_concept,28,woolen blankets,1,1.0,0.0,0.0006545875080657213,True,317,123,0.0001507596088897306
validated_probable_no_concept,29,thousanns of mules,1,1.0,0,0.001579778830963665,False,318,123,-0.0001942386350135411
validated_probable_no_concept,30,iron,1,1.0,0.0,0.0007332007047709789,True,317,123,0.00016365171766162534
validated_probable_no_concept,31,manufactured goods,2,2.0,0.012578365211835644,0.0014048477390924275,True,315,124,0.0006726182699545863
validated_probable_no_concept,32,punjab salt mines,1,1.0,0,0.001579778830963665,False,318,123,-0.0001942386350135411
validated_probable_no_concept,33,indian salt,5,6.0,0.01370249592058081,0.0031973919390607996,True,315,125,0.0008556343623929361
validated_probable_no_concept,34,ferry-boat,4,4.0,0.013297128938226252,0.002559015211353201,True,315,125,0.0007926385595120808
validated_probable_no_concept,35,walnut oil revenue,1,1.0,0.0,0.0007665169075604508,True,317,123,0.00011173102829044324
validated_probable_no_concept,36,tea and home-brewed beer,1,1.0,0,0.001579778830963665,False,318,123,-0.0001942386350135411
validated_probable_no_concept,37,cloth,3,3.0,0.0014226734922138835,0.0015495935850080432,True,317,123,0.00021496740532420122
validated_probable_no_concept,38,meat,2,2.0,0.012578365211835644,0.0013279462614929694,True,315,124,0.0007169377207570105
validated_probable_no_concept,39,coarse wool,1,1.0,0.0,0.0009041716220080039,True,317,123,5.426581668489805e-05
validated_probable_no_concept,40,kiraiyakashi,1,1.0,0,0.001579778830963665,False,318,123,-0.00019423863501356886
validated_probable_no_concept,41,milk,1,1.0,0.0,0.0006607414641295153,True,317,123,0.00017226702159345297
validated_probable_no_concept,42,horses,1,1.0,0,0.001579778830963665,False,318,123,-0.0001942386350135411
validated_probable_no_concept,43,goods imported and expo.rtoa,1,1.0,0,0.0009918258810675492,False,318,123,-0.00018504420115664222
validated_probable_no_concept,44,availability of a reasonable amount of cash,1,1.0,0.0,0.0006589146680506722,True,317,123,0.0001690270782342962
validated_probable_no_concept,45,goods,1,1.0,0.0,0.0007058393774224654,True,317,123,0.0002257022053721025
validated_probable_no_concept,46,"wool, blankets, sweaters, mufflers, and other woolen goods",1,1.0,0.0,0.0008216148551328494,True,317,123,5.916951474239929e-05
validated_probable_no_concept,47,foodgrains,3,3.0,0,0.0030363826263353822,False,318,125,-0.00017668562492315076
validated_probable_no_concept,48,fish,1,1.0,0,0.001108616723483227,False,318,123,-0.00019005934689682313
validated_probable_no_concept,49,indian salt,5,6.0,0.01370249592058081,0.0031973919390607996,True,315,125,0.0008556343623929361
validated_probable_no_concept,50,livestock and fuel,1,1.0,0,0.001579778830963665,False,318,123,-0.00019423863501356886
validated_probable_no_concept,51,charas,1,1.0,0.0,0.0007790361029707936,True,317,123,0.00014772066938791018
validated_probable_no_concept,52,foodgrains,3,3.0,0,0.0030363826263353822,False,318,125,-0.00017668562492315076
validated_probable_no_concept,53,hair,1,1.0,0.0,0.0006607414641295153,True,317,123,0.00017226702159345297
validated_probable_no_concept,54,water of salt lakes,1,1.0,0.0,0.0008033173544521908,True,317,123,9.018381284321697e-05
validated_probable_no_concept,55,baggage animals,1,1.0,0.0,0.0007058393774224654,True,317,123,0.0002257022053721025
validated_probable_no_concept,56,wooden tubes or buckets,1,1.0,0,0.0010620003549624214,False,318,123,-0.0001888055604617883
validated_probable_no_concept,57,chang-pa goats,1,1.0,0,0.001579778830963665,False,318,123,-0.00019423863501356886
validated_probable_no_concept,58,manufactured goods,2,2.0,0.012578365211835644,0.0014048477390924275,True,315,124,0.0006726182699545863
validated_probable_no_concept,59,thousanns of mules,1,1.0,0,0.001579778830963665,False,318,123,-0.0001942386350135411
validated_probable_no_concept,60,rock salt,2,2.0,0.0014896253236308338,0.0013272559220542607,True,317,123,0.0001341419632823887
validated_probable_no_concept,61,water of salt lakes,1,1.0,0.0,0.0008033173544521908,True,317,123,9.018381284321697e-05
validated_probable_no_concept,62,soil,2,2.0,0.018807650840554246,0.001470126851905093,True,314,124,0.0008926217859140037
validated_probable_no_concept,63,cash instead of cloth,1,1.0,0,0.001579778830963665,False,318,123,-0.0001942386350135411
validated_probable_no_concept,64,thousanns of mules,1,1.0,0,0.001579778830963665,False,318,123,-0.0001942386350135411
validated_probable_no_concept,65,camel,2,2.0,0,0.0015714877777411405,False,318,124,-0.00013028358600374046
validated_probable_no_concept,66,"pashm, or 'cashmere",1,1.0,0,0.001579778830963665,False,318,123,-0.00019423863501356886
validated_probable_no_concept,67,goods imported and expo.rtoa,1,1.0,0,0.0009918258810675492,False,318,123,-0.00018504420115664222
validated_probable_no_concept,68,water of salt lakes,1,1.0,0.0,0.0008033173544521908,True,317,123,9.018381284321697e-05
validated_probable_no_concept,69,tsakhalho: salt production and the preservation of a catholic church,1,1.0,0,0.001579778830963665,False,318,123,-0.0001942386350135411
validated_probable_no_concept,70,milk,1,1.0,0.0,0.0006607414641295153,True,317,123,0.00017226702159345297
validated_probable_no_concept,71,goods,1,1.0,0.0,0.0007058393774224654,True,317,123,0.0002257022053721025
validated_probable_no_concept,72,thousands and thousands of sheep,1,1.0,0.0,0.0006828080567747351,True,317,123,0.00015841566669232143
validated_probable_no_concept,73,salt from the lakes in trucks,1,1.0,0,0.001579778830963665,False,318,123,-0.00019423863501356886
validated_probable_no_concept,74,salt mining in the punjab,1,1.0,0,0.001579778830963665,False,318,123,-0.00019423863501356886
validated_probable_no_concept,75,woolen goods,1,1.0,0.0,0.0006589146680506722,True,317,123,0.0001690270782342962
validated_probable_no_concept,76,meat,2,2.0,0.012578365211835644,0.0013279462614929694,True,315,124,0.0007169377207570105
validated_probable_no_concept,77,coarse wool,1,1.0,0.0,0.0009041716220080039,True,317,123,5.426581668489805e-05
validated_probable_no_concept,78,duties on goods imported and expo.rtoa,1,1.0,0,0.0009918258810675492,False,318,123,-0.00018504420115664222
validated_probable_no_concept,79,baggage animals,1,1.0,0.0,0.0007058393774224654,True,317,123,0.0002257022053721025
validated_probable_no_concept,80,wells,2,2.0,0,0.001887033885280293,False,318,124,-0.00017710355373483366
validated_probable_no_concept,81,"tea, tibetan boots and coats, leather belts with pockets and similar goods",1,1.0,0.0,0.0008245794457690399,True,317,123,0.00011906667400450599
validated_probable_no_concept,82,salt production,1,1.0,0,0.001579778830963665,False,318,123,-0.0001942386350135411
validated_probable_no_concept,83,goats,4,4.0,0.00631453864942264,0.0019404448166206883,True,317,123,0.00027689251439159956
validated_probable_no_concept,84,tea-caravan,1,1.0,0.0,0.0007058393774224654,True,317,123,0.0002257022053721025
validated_probable_no_concept,85,chang-thang sheep's wool,1,1.0,0.0,0.0006972441014492301,True,317,123,0.00015904853032147614
validated_probable_no_concept,86,tibetan salt,14,15.0,0.08550132736975481,0.007407602529939095,True,313,126,0.002277224823884677
validated_probable_no_concept,87,"yak, sheep and goats",1,1.0,0,0.001579778830963665,False,318,123,-0.00019423863501356886
validated_probable_no_concept,88,hair,1,1.0,0.0,0.0006607414641295153,True,317,123,0.00017226702159345297
validated_probable_no_concept,89,coarse wool,1,1.0,0.0,0.0009041716220080039,True,317,123,5.426581668489805e-05
validated_probable_no_concept,90,best-quality pashm,1,1.0,0.0,0.0008243717260558687,True,317,123,9.451236124927154e-05
validated_probable_no_concept,91,wooden tubes or buckets,1,1.0,0,0.0010620003549624214,False,318,123,-0.0001888055604617883
validated_probable_no_concept,92,white radish,1,1.0,0.0,0.0007382382712858682,True,317,123,0.00017160629604388855
validated_probable_no_concept,93,fish,1,1.0,0,0.001108616723483227,False,318,123,-0.00019005934689682313
validated_probable_no_concept,94,the big ferry-boat,1,1.0,0,0.0007888871433302242,False,318,123,-0.00018170077066320678
validated_probable_no_concept,95,tibetan wool,1,2.0,0.0,0.0011175969273293273,True,317,123,0.0001094184888663502
validated_probable_no_concept,96,milk,1,1.0,0.0,0.0006607414641295153,True,317,123,0.00017226702159345297
validated_probable_no_concept,97,charas,1,1.0,0.0,0.0007790361029707936,True,317,123,0.00014772066938791018
validated_probable_no_concept,98,rock salt,2,2.0,0.0014896253236308338,0.0013272559220542607,True,317,123,0.0001341419632823887
validated_probable_no_concept,99,baggage animals,1,1.0,0.0,0.0007058393774224654,True,317,123,0.0002257022053721025
validated_probable_no_concept,100,the boat,1,3.0,0,0.0018927277807015727,False,318,123,-0.00018170077066320678
validated_trade_only,1,rock salt,3,3.0,0.02555401709285115,0.0015302848837167747,True,535,109,0.001482249041840203
validated_trade_only,2,thousands and thousands of sheep,1,1.0,0.0,0.0005336332595226741,True,542,108,0.00010286471326431679
validated_trade_only,3,fish,2,3.0,0.01102918607744303,0.0015136408784060663,True,539,109,0.0005309014424345337
validated_trade_only,4,sugar candy,1,1.0,0.0,0.0006062983684122159,True,542,108,8.039344560258066e-05
validated_trade_only,5,yak,13,14.0,0.13178383728168194,0.005651341218695514,True,532,114,0.004139685739749613
validated_trade_only,6,grain,18,18.0,0.06277028003270355,0.006963689426480332,True,533,113,0.003379676002687848
validated_trade_only,7,tibetan horses,1,1.0,0.0,0.000563426848276897,True,542,108,0.00011543575797182126
validated_trade_only,8,pack-horses,2,2.0,0.0036900369003690036,0.0011170394518263361,True,541,109,0.0004571736540759236
validated_trade_only,9,food grains,1,1.0,0.0,0.0005843764197274256,True,542,108,8.733910202526896e-05
validated_trade_only,10,indian salt,6,7.0,0.024845492132223732,0.0029111699951386107,True,540,110,0.0010312491616999708
validated_trade_only,11,sugar,1,1.0,0.0,0.0005130997739405634,True,542,108,0.000154014878027936
validated_trade_only,12,dried apricots,2,2.0,0.0014977007261010495,0.0008985031205966875,True,542,108,0.00012769701909474962
validated_trade_only,13,grain and cloth,1,1.0,0.0,0.0006439761807187191,True,542,108,2.252068647951022e-05
validated_trade_only,14,wells,2,2.0,0,0.0014863811449508644,False,543,109,-0.00020498495960413754
validated_trade_only,15,cultivator,1,1.0,0,0.0012422360248447205,False,543,108,-0.00021556923209802015
validated_trade_only,16,meat,4,4.0,0.07777977305125373,0.0018075462241289749,True,540,109,0.0013559212958032113
validated_trade_only,17,sheep,5,5.0,0.005700995977646432,0.0020440450112970267,True,541,109,0.000500516199648457
validated_trade_only,18,livestock,4,4.0,0.006034444370781434,0.001525029273840398,True,542,108,0.00021877775156693702
validated_trade_only,19,pashm,4,4.0,0.00952332607358494,0.0017017346229918926,True,541,109,0.0005954570456918884
validated_trade_only,20,"10,000 maunds of wood annually",1,1.0,0,0.0009584308343918583,False,543,108,-0.00021402031417207257
validated_trade_only,21,unrefined sugar,1,1.0,0.0,0.0007181845743738832,True,542,108,1.8964634707768768e-06
validated_trade_only,22,sheep,5,5.0,0.005700995977646432,0.0020440450112970267,True,541,109,0.000500516199648457
validated_trade_only,23,"crops of barley, buckwheat, and rod oats",1,1.0,0,0.0012422360248447205,False,543,108,-0.00021556923209808954
validated_trade_only,24,big salt lake of ayag-kum-kiill,1,1.0,0.0,0.0005791778633336493,True,542,108,9.41874202434606e-05
validated_trade_only,25,dried apricots,2,2.0,0.0014977007261010495,0.0008985031205966875,True,542,108,0.00012769701909474962
validated_trade_only,26,tibetan horses,1,1.0,0.0,0.000563426848276897,True,542,108,0.00011543575797182126
validated_trade_only,27,salt lake,2,2.0,0.0036900369003690036,0.0012059940527316367,True,541,109,0.0002323338523709112
validated_trade_only,28,boat,1,1.0,0.0,0.0006517302845978892,True,542,108,5.255572492481042e-05
validated_trade_only,29,dairy produce and meat,1,1.0,0.0,0.0005116941320338868,True,542,108,0.0001576533823438725
validated_trade_only,30,rice and ice,1,1.0,0.0,0.0007081554106983509,True,542,108,-2.938047738873517e-05
validated_trade_only,31,rice and ice,1,1.0,0.0,0.0007081554106983509,True,542,108,-2.938047738873517e-05
validated_trade_only,32,sugar,1,1.0,0.0,0.0005130997739405634,True,542,108,0.000154014878027936
validated_trade_only,33,dried apricots,2,2.0,0.0014977007261010495,0.0008985031205966875,True,542,108,0.00012769701909474962
validated_trade_only,34,spices,1,1.0,0.0,0.0005130997739405634,True,542,108,0.000154014878027936
validated_trade_only,35,sugar,1,1.0,0.0,0.0005130997739405634,True,542,108,0.000154014878027936
validated_trade_only,36,fish,2,3.0,0.01102918607744303,0.0015136408784060663,True,539,109,0.0005309014424345337
validated_trade_only,37,yak,13,14.0,0.13178383728168194,0.005651341218695514,True,532,114,0.004139685739749613
validated_trade_only,38,dairy produce and meat,1,1.0,0.0,0.0005116941320338868,True,542,108,0.0001576533823438725
validated_trade_only,39,the expedition (mainly meat),1,1.0,0.0,0.0005927833768157076,True,542,108,0.00010107876395876181
validated_trade_only,40,"cash, a musk deer, a yak-tail, a pony and a hawk",1,1.0,0,0.0012422360248447205,False,543,108,-0.00021556923209808954
validated_trade_only,41,"cloth, chinese porcelain cups, and knives",1,1.0,0.0,0.0005551140203799503,True,542,108,0.00015700542952142016
validated_trade_only,42,chang-luk sheep,1,1.0,0,0.0012422360248447205,False,543,108,-0.00021556923209802015
validated_trade_only,43,iron,1,1.0,0.0,0.0005779408591911172,True,542,108,9.904159044758776e-05
validated_trade_only,44,pashm,4,4.0,0.00952332607358494,0.0017017346229918926,True,541,109,0.0005954570456918884
validated_trade_only,45,coarse wool,1,1.0,0,0.0012422360248447205,False,543,108,-0.00021556923209802015
validated_trade_only,46,cash crops and pastoral goods,2,2.0,0.0036900369003690036,0.0010739648998075748,True,541,109,0.00039861170470298357
validated_trade_only,47,boat,1,1.0,0.0,0.0006517302845978892,True,542,108,5.255572492481042e-05
validated_trade_only,48,spices,1,1.0,0.0,0.0005130997739405634,True,542,108,0.000154014878027936
validated_trade_only,49,clothes to wear,1,1.0,0.0,0.0005151309184025543,True,542,108,0.00012992205198858464
validated_trade_only,50,"cash, a musk deer, a yak-tail, a pony and a hawk",1,1.0,0,0.0012422360248447205,False,543,108,-0.00021556923209808954
validated_trade_only,51,mining and minerals,1,1.0,0.0,0.0005003911835828751,True,542,108,0.00018495479298508144
validated_trade_only,52,copper and brass vessels,1,1.0,0.0,0.0005203037882263898,True,542,108,0.0001414269583847605
validated_trade_only,53,salt from the lakes in trucks,1,1.0,0,0.0012422360248447205,False,543,108,-0.00021556923209802015
validated_trade_only,54,british capital,1,1.0,0,0.0012422360248447205,False,543,108,-0.00021556923209802015
validated_trade_only,55,sugar,1,1.0,0.0,0.0005130997739405634,True,542,108,0.000154014878027936
validated_trade_only,56,spices,1,1.0,0.0,0.0005130997739405634,True,542,108,0.000154014878027936
validated_trade_only,57,"wool, blankets, sweaters, mufflers, and other woolen goods",1,1.0,0.0,0.0006556366791122655,True,542,108,3.597568381037697e-05
validated_trade_only,58,cloth,2,2.0,0.0004757487500937856,0.0009029690841196611,True,542,108,0.00014833037158973328
validated_trade_only,59,indian tea,1,1.0,0,0.0012422360248447205,False,543,108,-0.00021556923209806178
validated_trade_only,60,food grains,1,1.0,0.0,0.0005843764197274256,True,542,108,8.733910202526896e-05
validated_trade_only,61,"crops of barley, buckwheat, and rod oats",1,1.0,0,0.0012422360248447205,False,543,108,-0.00021556923209808954
validated_trade_only,62,sheep and goats or horses,1,1.0,0.0,0.0005214640876124013,True,542,108,0.0001488272322758416
validated_trade_only,63,"10,000 maunds of wood annually",1,1.0,0,0.0009584308343918583,False,543,108,-0.00021402031417207257
validated_trade_only,64,salt lake,2,2.0,0.0036900369003690036,0.0012059940527316367,True,541,109,0.0002323338523709112
validated_trade_only,65,dried apricots,2,2.0,0.0014977007261010495,0.0008985031205966875,True,542,108,0.00012769701909474962
validated_trade_only,66,argol (yak-dung),1,1.0,0,0.0012422360248447205,False,543,108,-0.00021556923209808954
validated_trade_only,67,tea and tobacco,1,1.0,0,0.0012422360248447205,False,543,108,-0.00021556923209802015
validated_trade_only,68,"warm, high-altitude clothing of western manufacture",1,1.0,0,0.0012422360248447205,False,543,108,-0.00021556923209806178
validated_trade_only,69,copper and brass vessels,1,1.0,0.0,0.0005203037882263898,True,542,108,0.0001414269583847605
validated_trade_only,70,pack-horses,2,2.0,0.0036900369003690036,0.0011170394518263361,True,541,109,0.0004571736540759236
validated_trade_only,71,big salt lake of ayag-kum-kiill,1,1.0,0.0,0.0005791778633336493,True,542,108,9.41874202434606e-05
validated_trade_only,72,the horses,1,1.0,0.0,0.0007010391164384736,True,542,108,8.389840672848314e-06
validated_trade_only,73,grains,2,2.0,0.029138332048754868,0.0009548271451926145,True,534,109,0.0017990448891536115
validated_trade_only,74,refined salt,2,2.0,0.005483899570973528,0.0010999818798794632,True,542,108,2.4260515546437045e-05
validated_trade_only,75,sugar,1,1.0,0.0,0.0005130997739405634,True,542,108,0.000154014878027936
validated_trade_only,76,hair,1,1.0,0.0,0.0005294516777826556,True,542,108,0.00014292659255790707
validated_trade_only,77,rice,3,3.0,0.003925367757890558,0.0013886850114967068,True,541,109,0.000457753771893582
validated_trade_only,78,indian salt,6,7.0,0.024845492132223732,0.0029111699951386107,True,540,110,0.0010312491616999708
validated_trade_only,79,"grain, salt, and borrr",2,2.0,2.1923905534275832e-05,0.000870761913710694,True,542,108,0.00010999498818721476
validated_trade_only,80,manufactured goods,2,2.0,0.00736643225951668,0.0011361982267899442,True,540,109,0.0005860249367154874
validated_trade_only,81,camel's back,1,1.0,0,0.0012422360248447205,False,543,108,-0.00021556923209808954
validated_trade_only,82,salt from the lakes in trucks,1,1.0,0,0.0012422360248447205,False,543,108,-0.00021556923209802015
validated_trade_only,83,"tea, tibetan boots and coats, leather belts with pockets and similar goods",1,1.0,0.0,0.0006491849206971212,True,542,108,6.771986180610645e-05
validated_trade_only,84,the horses,1,1.0,0.0,0.0007010391164384736,True,542,108,8.389840672848314e-06
validated_trade_only,85,manufactured goods,2,2.0,0.00736643225951668,0.0011361982267899442,True,540,109,0.0005860249367154874
validated_trade_only,86,goats,3,3.0,0.002606222696461479,0.0011892303768360239,True,542,108,0.00020412941346766023
validated_trade_only,87,spices,1,1.0,0.0,0.0005130997739405634,True,542,108,0.000154014878027936
validated_trade_only,88,"grain, salt, and borrr",2,2.0,2.1923905534275832e-05,0.000870761913710694,True,542,108,0.00010999498818721476
validated_trade_only,89,foodgrains,3,3.0,0,0.002377456786656169,False,543,110,-0.00020472680661649811
validated_trade_only,90,"warm, high-altitude clothing of western manufacture",1,1.0,0,0.0012422360248447205,False,543,108,-0.00021556923209806178
validated_trade_only,91,woolen goods,1,1.0,0.0,0.0005276154447458536,True,542,108,0.00012056171521840353
validated_trade_only,92,chinu millet,1,1.0,0.0,0.000571915179964357,True,542,108,0.0001041308922041656
validated_trade_only,93,trade goods,1,1.0,0,0.0012422360248447205,False,543,108,-0.00021556923209808954
validated_trade_only,94,sheep and goats,4,4.0,0.01104964838927502,0.0022075409867467325,True,539,111,0.0008387167636791093
validated_trade_only,95,goose,2,2.0,0.001674499184917912,0.0010277102092252,True,542,108,3.998899566164116e-05
validated_trade_only,96,salt production,1,1.0,0,0.0012422360248447205,False,543,108,-0.00021556923209808954
validated_trade_only,97,grain,18,18.0,0.06277028003270355,0.006963689426480332,True,533,113,0.003379676002687848
validated_trade_only,98,boat,1,1.0,0.0,0.0006517302845978892,True,542,108,5.255572492481042e-05
validated_trade_only,99,wooden tubes or buckets,1,1.0,0,0.0008363582743387863,False,543,108,-0.0002122132432585272
validated_trade_only,100,pashm,4,4.0,0.00952332607358494,0.0017017346229918926,True,541,109,0.0005954570456918884
validated_probable_trade_only,1,salt lake,2,2.0,0.003401360544217687,0.0010638705455834271,True,587,132,0.00019996041445685675
validated_probable_trade_only,2,walnuts,1,1.0,0.0,0.0005136843456829015,True,588,131,0.00010174839889966203
validated_probable_trade_only,3,tea and home-brewed beer,1,1.0,0,0.0011001100110011,False,589,131,-0.000175199941628984
validated_probable_trade_only,4,sheep,5,5.0,0.00552410473620013,0.0018454479687380735,True,587,132,0.0004325996476621935
validated_probable_trade_only,5,the salt from this place,1,1.0,0,0.0011001100110011,False,589,131,-0.0001751999416290395
validated_probable_trade_only,6,"wood, milk, vegetables",1,1.0,0,0.0011001100110011,False,589,131,-0.000175199941628984
validated_probable_trade_only,7,a young yak,1,1.0,0.0,0.0005290216494064282,True,588,131,9.7891545478207e-05
validated_probable_trade_only,8,rice and ice,1,1.0,0.0,0.0006214395914529977,True,588,131,-1.6338658023085095e-05
validated_probable_trade_only,9,british capital,1,1.0,0,0.0011001100110011,False,589,131,-0.0001751999416290395
validated_probable_trade_only,10,baggage animals,1,1.0,0.0,0.0004957711700816315,True,588,131,0.00014101753407806672
validated_probable_trade_only,11,buffaloes,1,1.0,0.0,0.0006155603260971828,True,588,131,1.9572739835674313e-05
validated_probable_trade_only,12,barley,5,5.0,0.016957864124903615,0.0018833720716067176,True,585,133,0.0010375498752250162
validated_probable_trade_only,13,chang-pa goats,1,1.0,0,0.0011001100110011,False,589,131,-0.0001751999416290395
validated_probable_trade_only,14,goods,1,2.0,0.0,0.000772764427681237,True,588,131,0.00013367160550721569
validated_probable_trade_only,15,"cloth, cigarettes, sugar and a few other commodities",1,1.0,0.0,0.0005766706443506415,True,588,131,6.656279940482623e-05
validated_probable_trade_only,16,camels,8,8.0,0.02102520779988359,0.003371150810397276,True,585,134,0.0008970262680500773
validated_probable_trade_only,17,pashm,4,4.0,0.013971431240144506,0.0015461936452738228,True,586,132,0.0007603751961297311
validated_probable_trade_only,18,"pashm, or 'cashmere",1,1.0,0,0.0011001100110011,False,589,131,-0.0001751999416290395
validated_probable_trade_only,19,hair,1,1.0,0.0,0.0004736505628953361,True,588,131,0.00012919913085654433
validated_probable_trade_only,20,"tea, tibetan boots and coats, leather belts with pockets and similar goods",1,1.0,0.0,0.0005766706443506415,True,588,131,6.656279940482623e-05
validated_probable_trade_only,21,animals,5,5.0,0.0573578452603999,0.0020860343053612637,True,586,133,0.0011215219492613226
validated_probable_trade_only,22,cultivator,1,1.0,0,0.0011001100110011,False,589,131,-0.0001751999416290395
validated_probable_trade_only,23,kiraiyakashi,1,1.0,0,0.0011001100110011,False,589,131,-0.000175199941628984
validated_probable_trade_only,24,animals,5,5.0,0.0573578452603999,0.0020860343053612637,True,586,133,0.0011215219492613226
validated_probable_trade_only,25,tea and home-brewed beer,1,1.0,0,0.0011001100110011,False,589,131,-0.000175199941628984
validated_probable_trade_only,26,sheep,5,5.0,0.00552410473620013,0.0018454479687380735,True,587,132,0.0004325996476621935
validated_probable_trade_only,27,"buckwheat, turnips, or other vegetables",1,1.0,0.0,0.00058116436775349,True,588,131,6.250913804072e-05
validated_probable_trade_only,28,goats,3,3.0,0.00252983411468269,0.0010706853733500755,True,588,131,0.00018127269699590165
validated_probable_trade_only,29,milk,1,1.0,0.0,0.0004736505628953361,True,588,131,0.00012919913085654433
validated_probable_trade_only,30,cotton clothes,1,1.0,0.0,0.0006362207081353049,True,588,131,9.11800863398482e-06
validated_probable_trade_only,31,wells,2,2.0,0,0.001316322136067597,False,589,132,-0.00016690259046713007
validated_probable_trade_only,32,"cloth, cigarettes, sugar and a few other commodities",1,1.0,0.0,0.0005766706443506415,True,588,131,6.656279940482623e-05
validated_probable_trade_only,33,manufactured goods,2,2.0,0.006791132125763423,0.0010036392754023148,True,586,132,0.0005047575236614421
validated_probable_trade_only,34,grain and cloth,1,1.0,0.0,0.0005737643948525269,True,588,131,2.8420639718876317e-05
validated_probable_trade_only,35,tea and tobacco,1,1.0,0,0.0011001100110011,False,589,131,-0.0001751999416290395
validated_probable_trade_only,36,pack-horses,2,2.0,0.003401360544217687,0.0009957646219311302,True,587,132,0.00039589287049161814
validated_probable_trade_only,37,yak-caravan,1,1.0,0.0,0.0004957711700816315,True,588,131,0.00014101753407806672
validated_probable_trade_only,38,rock salt,3,3.0,0.023574847315416796,0.0013528657324588106,True,581,132,0.0012692734096706737
validated_probable_trade_only,39,tea,9,9.0,0.1484023326972604,0.003597845084494186,True,580,136,0.0029430617500423306
validated_probable_trade_only,40,chinu millet,1,1.0,0.0,0.0005179947536175291,True,588,131,9.641920587719066e-05
validated_probable_trade_only,41,"wool, blankets, sweaters, mufflers, and other woolen goods",1,1.0,0.0,0.0005805821752512603,True,588,131,3.809052478284669e-05
validated_probable_trade_only,42,a young yak,1,1.0,0.0,0.0005290216494064282,True,588,131,9.7891545478207e-05
validated_probable_trade_only,43,cash instead of cloth,1,1.0,0,0.0011001100110011,False,589,131,-0.000175199941628984
validated_probable_trade_only,44,boat,1,1.0,0.0,0.0005777599937914806,True,588,131,5.305133166277898e-05
validated_probable_trade_only,45,animals,5,5.0,0.0573578452603999,0.0020860343053612637,True,586,133,0.0011215219492613226
validated_probable_trade_only,46,indian tea,1,1.0,0,0.0011001100110011,False,589,131,-0.000175199941628984
validated_probable_trade_only,47,tibetan horses,1,1.0,0.0,0.0005047128391166343,True,588,131,0.0001064830842143899
validated_probable_trade_only,48,260 young goats,1,1.0,0.0,0.0005566379801784848,True,588,131,7.780189827165385e-05
validated_probable_trade_only,49,salt market,1,1.0,0.0,0.0005255760499575867,True,588,131,6.615515950453288e-05
validated_probable_trade_only,50,"crops of barley, buckwheat, and rod oats",1,1.0,0,0.0011001100110011,False,589,131,-0.000175199941628984
validated_probable_trade_only,51,the camels,4,5.0,0.01356488080751892,0.0022342168375671404,True,584,134,0.0009374296097463958
validated_probable_trade_only,52,tarim ferry-boat,1,1.0,0,0.0008487753813921296,False,589,131,-0.0001739856951174512
validated_probable_trade_only,53,blue chinese cloth,1,1.0,0,0.0008487753813921296,False,589,131,-0.0001739856951174512
validated_probable_trade_only,54,salt pans,1,1.0,0.0,0.0004883805136874356,True,588,131,0.00010482186182299291
validated_probable_trade_only,55,livestock,4,4.0,0.0057800886306255085,0.0013613645148861438,True,588,131,0.00019196384842332104
validated_probable_trade_only,56,rock salt,3,3.0,0.023574847315416796,0.0013528657324588106,True,581,132,0.0012692734096706737
validated_probable_trade_only,57,big salt lake of ayag-kum-kiill,1,1.0,0.0,0.0005083484039470881,True,588,131,8.640578973251323e-05
validated_probable_trade_only,58,coarse wool,1,1.0,0.0,0.0006004338719736431,True,588,131,5.11165095699595e-05
validated_probable_trade_only,59,salt pans,1,1.0,0.0,0.0004883805136874356,True,588,131,0.00010482186182299291
validated_probable_trade_only,60,woolen goods,1,1.0,0.0,0.00046805545002256055,True,588,131,0.00010947621062672164
validated_probable_trade_only,61,mining and minerals,1,1.0,0.0,0.0004484175149183524,True,588,131,0.00016603486696506464
validated_probable_trade_only,62,salt mines,1,1.0,0,0.0011001100110011,False,589,131,-0.000175199941628984
validated_probable_trade_only,63,tibetan wool,1,2.0,0.0,0.0007847543357136931,True,588,131,7.751524498272877e-05
validated_probable_trade_only,64,tibetan wool in pongdzu,1,1.0,0,0.0007720070252643511,False,589,131,-0.00017317619744308677
validated_probable_trade_only,65,the salt from this place,1,1.0,0,0.0011001100110011,False,589,131,-0.0001751999416290395
validated_probable_trade_only,66,tea and tobacco,1,1.0,0,0.0011001100110011,False,589,131,-0.0001751999416290395
validated_probable_trade_only,67,"cloth, chinese porcelain cups, and knives",1,1.0,0.0,0.0004957711700816315,True,588,131,0.00014101753407806672
validated_probable_trade_only,68,"cloth, cigarettes, sugar and a few other commodities",1,1.0,0.0,0.0005766706443506415,True,588,131,6.656279940482623e-05
validated_probable_trade_only,69,iron,1,1.0,0.0,0.0005132835070623424,True,588,131,9.149861644272561e-05
validated_probable_trade_only,70,salt mines,1,1.0,0,0.0011001100110011,False,589,131,-0.000175199941628984
validated_probable_trade_only,71,walnuts,1,1.0,0.0,0.0005136843456829015,True,588,131,0.00010174839889966203
validated_probable_trade_only,72,thousanns of mules,1,1.0,0,0.0011001100110011,False,589,131,-0.000175199941628984
validated_probable_trade_only,73,"cloth, cigarettes, sugar and a few other commodities",1,1.0,0.0,0.0005766706443506415,True,588,131,6.656279940482623e-05
validated_probable_trade_only,74,grain,18,18.0,0.06519229651799513,0.006129849568401695,True,579,135,0.0029037396457486236
validated_probable_trade_only,75,chang-luk sheep,2,2.0,0.003401360544217687,0.001023905953897656,True,587,132,0.00032408105272489773
validated_probable_trade_only,76,milk,1,1.0,0.0,0.0004736505628953361,True,588,131,0.00012919913085654433
validated_probable_trade_only,77,"crops of barley, buckwheat, and rod oats",1,1.0,0,0.0011001100110011,False,589,131,-0.000175199941628984
validated_probable_trade_only,78,salt mines,1,1.0,0,0.0011001100110011,False,589,131,-0.000175199941628984
validated_probable_trade_only,79,salt production,1,1.0,0,0.0011001100110011,False,589,131,-0.000175199941628984
validated_probable_trade_only,80,tibetan horses,1,1.0,0.0,0.0005047128391166343,True,588,131,0.0001064830842143899
validated_probable_trade_only,81,tarim ferry-boat,1,1.0,0,0.0008487753813921296,False,589,131,-0.0001739856951174512
validated_probable_trade_only,82,camels,8,8.0,0.02102520779988359,0.003371150810397276,True,585,134,0.0008970262680500773
validated_probable_trade_only,83,"pashm, or 'cashmere",1,1.0,0,0.0011001100110011,False,589,131,-0.0001751999416290395
validated_probable_trade_only,84,long dagger,1,1.0,0.0,0.0005166446695371011,True,588,131,9.131069733989139e-05
validated_probable_trade_only,85,salter water,1,1.0,0,0.0006979746036267476,False,589,131,-0.00017034295558297774
validated_probable_trade_only,86,boat,1,1.0,0.0,0.0005777599937914806,True,588,131,5.305133166277898e-05
validated_probable_trade_only,87,animals,5,5.0,0.0573578452603999,0.0020860343053612637,True,586,133,0.0011215219492613226
validated_probable_trade_only,88,cash crops and pastoral goods,2,2.0,0.003401360544217687,0.0009523560206256624,True,587,132,0.00034508112199260754
validated_probable_trade_only,89,tibetan wool,1,2.0,0.0,0.0007847543357136931,True,588,131,7.751524498272877e-05
validated_probable_trade_only,90,"warm, high-altitude clothing of western manufacture",1,1.0,0,0.0011001100110011,False,589,131,-0.000175199941628984
validated_probable_trade_only,91,sugar candy,1,1.0,0.0,0.0005377566577883248,True,588,131,7.540231587964408e-05
validated_probable_trade_only,92,water of salt lakes,1,1.0,0,0.0011001100110011,False,589,131,-0.000175199941628984
validated_probable_trade_only,93,the expedition (mainly meat),1,1.0,0.0,0.0005282783836155966,True,588,131,9.373060478108652e-05
validated_probable_trade_only,94,the boat,5,7.0,0.010934186280985988,0.0030163933971387898,True,585,134,0.0006861315899318182
validated_probable_trade_only,95,tsakhalho: salt production and the preservation of a catholic church,1,1.0,0,0.0011001100110011,False,589,131,-0.000175199941628984
validated_probable_trade_only,96,"grain, salt, and borrr",2,2.0,2.3384871105901596e-05,0.000782068560480385,True,588,131,0.00010146910468041004
validated_probable_trade_only,97,wool,8,8.0,0.06393838903495612,0.0027279248993429383,True,588,131,0.0007307482753773215
validated_probable_trade_only,98,mining and minerals,1,1.0,0.0,0.0004484175149183524,True,588,131,0.00016603486696506464
validated_probable_trade_only,99,animals,5,5.0,0.0573578452603999,0.0020860343053612637,True,586,133,0.0011215219492613226
validated_probable_trade_only,100,fish,2,3.0,0.009311731506912816,0.0012735559144912137,True,588,131,4.96762170445475e-05
