view,run,removed,degree,strength,largest_component_nodes,components,global_efficiency_loss
validated,1,mandi rock salt,1,1.0,272,96,-0.00023485309472377064
validated,2,manufactured goods,2,2.0,269,97,0.0008499237405546339
validated,3,goats,1,1.0,271,96,0.00019341700969860431
validated,4,milk,1,1.0,271,96,0.0001655888592253102
validated,5,british capital,1,1.0,272,96,-0.0002348530947238192
validated,6,thousands and thousands of sheep,1,1.0,271,96,0.00018433217335944024
validated,7,sheep and goats or horses,1,1.0,271,96,0.0002477533880831523
validated,8,tea,5,5.0,267,99,0.0017721905185330636
validated,9,their salt onward to leh,1,1.0,272,96,-0.00023485309472377064
validated,10,mining and minerals,1,1.0,271,96,0.0002864180189323523
validated,11,chang-luk sheep,1,1.0,272,96,-0.00023485309472380533
validated,12,sheep,1,1.0,272,96,-0.00023485309472377064
validated,13,indian salt,1,1.0,272,96,-0.00023485309472380533
validated,14,dried apricots,1,1.0,272,96,-0.0002348530947238192
validated,15,a young yak,1,1.0,271,96,7.166421339702134e-05
validated,16,pack-horses,1,1.0,272,96,-0.00023485309472377064
validated,17,salt and livestock products,2,2.0,272,97,-0.0001981129477631599
validated,18,coarse wool,1,1.0,272,96,-0.00023485309472380533
validated,19,horses,2,2.0,266,97,0.0012284629257091687
validated,20,a young yak,1,1.0,271,96,7.166421339702134e-05
validated,21,movement of goods,1,1.0,272,96,-0.00023485309472377064
validated,22,foodgrains,3,3.0,272,98,-0.00020679698249932016
validated,23,chang-luk sheep,1,1.0,272,96,-0.00023485309472380533
validated,24,"their cattle, on their sheep and goats",1,1.0,272,96,-0.00023485309472377064
validated,25,wool,4,4.0,270,97,0.0006830713544638684
validated,26,tibetan salt trade,1,1.0,272,96,-0.00023485309472380533
validated,27,woolen goods,1,1.0,272,96,-0.00021748502525148483
validated,28,woolen goods,1,1.0,272,96,-0.00021748502525148483
validated,29,mining and minerals,1,1.0,271,96,0.0002864180189323523
validated,30,chang-luk sheep,1,1.0,272,96,-0.00023485309472380533
validated,31,thousanns of mules,1,1.0,272,96,-0.00023485309472377064
validated,32,mining and minerals,1,1.0,271,96,0.0002864180189323523
validated,33,goats,1,1.0,271,96,0.00019341700969860431
validated,34,british capital,1,1.0,272,96,-0.0002348530947238192
validated,35,tibetan salt trade,1,1.0,272,96,-0.00023485309472380533
validated,36,"10,000 maunds of wood annually",1,1.0,272,96,-0.00023084507869178955
validated,37,clothes,1,1.0,272,96,-0.00023084507869170628
validated,38,grain,3,3.0,269,98,0.0008192863530033095
validated,39,goose,1,1.0,272,96,-0.0002261690599876659
validated,40,salt and livestock products,2,2.0,272,97,-0.0001981129477631599
validated,41,salt circuit,1,1.0,271,96,7.378562794331522e-05
validated,42,goods,2,3.0,271,96,0.00030666168085932005
validated,43,wool,4,4.0,270,97,0.0006830713544638684
validated,44,thousanns of mules,1,1.0,272,96,-0.00023485309472377064
validated,45,butter,2,2.0,271,96,0.00020495437013390294
validated,46,clothes,1,1.0,272,96,-0.00023084507869170628
validated,47,clothes to wear,1,1.0,271,96,9.427615945568207e-05
validated,48,salt from the lakes in trucks,1,1.0,272,96,-0.00023485309472380533
validated,49,mining and minerals,1,1.0,271,96,0.0002864180189323523
validated,50,thousanns of mules,1,1.0,272,96,-0.00023485309472377064
validated,51,wheat,1,1.0,271,96,0.00015151155376509629
validated,52,grains,1,1.0,272,96,-0.00023485309472380533
validated,53,salt mining in the punjab,1,1.0,272,96,-0.00023485309472377064
validated,54,tea,5,5.0,267,99,0.0017721905185330636
validated,55,movement of goods,1,1.0,272,96,-0.00023485309472377064
validated,56,coarse wool,1,1.0,272,96,-0.00023485309472380533
validated,57,"their cattle, on their sheep and goats",1,1.0,272,96,-0.00023485309472377064
validated,58,chang-luk sheep,1,1.0,272,96,-0.00023485309472380533
validated,59,salt and wool,1,1.0,272,96,-0.00021748502525148483
validated,60,distribution of salt,1,1.0,272,96,-0.00023485309472380533
validated,61,tsakhalho: salt production and the preservation of a catholic church,1,1.0,272,96,-0.00023485309472377064
validated,62,sheep and goats or horses,1,1.0,271,96,0.0002477533880831523
validated,63,foodgrains,3,3.0,272,98,-0.00020679698249932016
validated,64,salt mines,1,1.0,272,96,-0.00023084507869170628
validated,65,goods imported and expo.rtoa,1,1.0,272,96,-0.0002221610439555599
validated,66,mining and minerals,1,1.0,271,96,0.0002864180189323523
validated,67,duties on goods imported and expo.rtoa,1,1.0,272,96,-0.0002221610439555599
validated,68,their salt onward to leh,1,1.0,272,96,-0.00023485309472377064
validated,69,livestock,2,2.0,271,96,0.0002516450653216179
validated,70,"sugar, tea, stearine candles, petroleum, leather trunks, saddles, and so forth",1,1.0,271,96,7.921721197581832e-06
validated,71,clothes to wear,1,1.0,271,96,9.427615945568207e-05
validated,72,"sugar, tea, stearine candles, petroleum, leather trunks, saddles, and so forth",1,1.0,271,96,7.921721197581832e-06
validated,73,charas,1,1.0,271,96,7.299828346851028e-05
validated,74,thousanns of mules,1,1.0,272,96,-0.00023485309472377064
validated,75,livestock,2,2.0,271,96,0.0002516450653216179
validated,76,salt market,1,1.0,271,96,0.00012127937223018609
validated,77,tsakhalho: salt production and the preservation of a catholic church,1,1.0,272,96,-0.00023485309472377064
validated,78,long dagger,1,1.0,271,96,0.00019314980862980557
validated,79,punjab salt mines,1,1.0,272,96,-0.00023485309472377064
validated,80,pashm,4,5.0,267,98,0.0018730137211597914
validated,81,buckets,1,1.0,272,96,-0.00022616905998762427
validated,82,thousands and thousands of sheep,1,1.0,271,96,0.00018433217335944024
validated,83,wool,4,4.0,270,97,0.0006830713544638684
validated,84,the sheep,1,1.0,271,96,0.00018433217335924595
validated,85,salt and livestock products,2,2.0,272,97,-0.0001981129477631599
validated,86,the mandi salt mines,1,1.0,271,96,7.299828346845477e-05
validated,87,long dagger,1,1.0,271,96,0.00019314980862980557
validated,88,manufactured goods,2,2.0,269,97,0.0008499237405546339
validated,89,salt production,1,1.0,272,96,-0.00023485309472377064
validated,90,salt and livestock products,2,2.0,272,97,-0.0001981129477631599
validated,91,"10,000 maunds of wood annually",1,1.0,272,96,-0.00023084507869178955
validated,92,thousands and thousands of sheep,1,1.0,271,96,0.00018433217335944024
validated,93,clothes,1,1.0,272,96,-0.00023084507869170628
validated,94,thousanns of mules,1,1.0,272,96,-0.00023485309472377064
validated,95,salt mines,1,1.0,272,96,-0.00023084507869170628
validated,96,long dagger,1,1.0,271,96,0.00019314980862980557
validated,97,four horses,1,1.0,271,96,3.072271223496237e-05
validated,98,tibetan salt,1,1.0,272,96,-0.00023485309472377064
validated,99,tsakhalho: salt production and the preservation of a catholic church,1,1.0,272,96,-0.00023485309472377064
validated,100,mining and minerals,1,1.0,271,96,0.0002864180189323523
validated_probable,1,kiraiya-kash; way of life of the kiraiyakash,1,1.0,319,109,-0.00019206280001601156
validated_probable,2,wool,4,4.0,317,110,0.0005682751562803567
validated_probable,3,refined salt,1,1.0,319,109,-0.00019206280001601156
validated_probable,4,movement of goods,1,1.0,319,109,-0.00019206280001601156
validated_probable,5,barley,5,5.0,315,111,0.0027800164796809856
validated_probable,6,chang-luk sheep,2,2.0,317,110,0.00034708660568522065
validated_probable,7,goods imported and expo.rtoa,1,1.0,319,109,-0.00018147565627329998
validated_probable,8,chang-pa goats,1,1.0,319,109,-0.0001920628000159838
validated_probable,9,butter,2,2.0,318,109,0.00017382905439069368
validated_probable,10,chang-thang sheep's wool,1,1.0,318,109,0.00010760961600824598
validated_probable,11,british capital,1,1.0,319,109,-0.0001920628000159838
validated_probable,12,pack-horses,1,1.0,319,109,-0.00019206280001601156
validated_probable,13,mandi salt sources,1,1.0,318,109,0.00015760668360680768
validated_probable,14,dried apricots,1,1.0,319,109,-0.00019206280001599074
validated_probable,15,thousands and thousands of sheep,1,1.0,318,109,0.00015823020429188428
validated_probable,16,salt mining in the punjab,1,1.0,319,109,-0.00019206280001601156
validated_probable,17,"agricultural advances, chiefly seed-grain",1,1.0,318,109,0.00015327557934862596
validated_probable,18,the salt from this place,1,1.0,319,109,-0.0001920628000159838
validated_probable,19,tibetan rock salt,1,1.0,319,109,-0.0001920628000159838
validated_probable,20,thousands and thousands of sheep,1,1.0,318,109,0.00015823020429188428
validated_probable,21,semi-luxuries like tea and rice,1,1.0,318,109,0.000253500331785568
validated_probable,22,their salt onward to leh,1,1.0,319,109,-0.00019206280001601156
validated_probable,23,british capital,1,1.0,319,109,-0.0001920628000159838
validated_probable,24,salt production,1,1.0,319,109,-0.00019206280001601156
validated_probable,25,a young yak,1,1.0,318,109,6.547088974542814e-05
validated_probable,26,clothes to wear,1,1.0,318,109,8.309856580496905e-05
validated_probable,27,salt market,1,1.0,318,109,0.0001037068306703609
validated_probable,28,salt market,1,1.0,318,109,0.0001037068306703609
validated_probable,29,chang-thang sheep's wool,1,1.0,318,109,0.00010760961600824598
validated_probable,30,british capital,1,1.0,319,109,-0.0001920628000159838
validated_probable,31,tsakhalho: salt production and the preservation of a catholic church,1,1.0,319,109,-0.00019206280001601156
validated_probable,32,chang-thang sheep's wool,1,1.0,318,109,0.00010760961600824598
validated_probable,33,refined salt,1,1.0,319,109,-0.00019206280001601156
validated_probable,34,barley,5,5.0,315,111,0.0027800164796809856
validated_probable,35,clothes to wear,1,1.0,318,109,8.309856580496905e-05
validated_probable,36,"10,000 maunds of wood annually",1,1.0,319,109,-0.00018917539717706877
validated_probable,37,water of salt lakes,1,1.0,319,109,-0.00018532552672519131
validated_probable,38,salt from the lakes in trucks,1,1.0,319,109,-0.0001920628000159838
validated_probable,39,"sugar, tea, stearine candles, petroleum, leather trunks, saddles, and so forth",1,1.0,318,109,8.222239239484563e-06
validated_probable,40,"agricultural advances, chiefly seed-grain",1,1.0,318,109,0.00015327557934862596
validated_probable,41,cloth,2,2.0,318,109,0.00018389100747241705
validated_probable,42,grain-salt-rice circuit,1,1.0,318,109,0.000253500331785568
validated_probable,43,a young yak,1,1.0,318,109,6.547088974542814e-05
validated_probable,44,tsakhalho: salt production and the preservation of a catholic church,1,1.0,319,109,-0.00019206280001601156
validated_probable,45,fish,2,3.0,319,110,-0.0001623225507750431
validated_probable,46,water of salt lakes,1,1.0,319,109,-0.00018532552672519131
validated_probable,47,mining and minerals,1,1.0,318,109,0.00024279381705960557
validated_probable,48,salt circuit,1,1.0,318,109,6.392829742282724e-05
validated_probable,49,"pashm, or 'cashmere",1,1.0,319,109,-0.0001920628000159838
validated_probable,50,chang-thang sheep's wool,1,1.0,318,109,0.00010760961600824598
validated_probable,51,tsakhalho: salt production and the preservation of a catholic church,1,1.0,319,109,-0.00019206280001601156
validated_probable,52,sheep and goats or horses,1,1.0,318,109,0.00020927015346427352
validated_probable,53,manufactured goods,2,2.0,316,110,0.0007172254005150536
validated_probable,54,salt mines,2,2.0,319,110,-0.00017377591536948261
validated_probable,55,chang-pa goats,1,1.0,319,109,-0.0001920628000159838
validated_probable,56,semi-luxuries like tea and rice,1,1.0,318,109,0.000253500331785568
validated_probable,57,rice,1,1.0,318,109,0.00015823020429186346
validated_probable,58,the salt from this place,1,1.0,319,109,-0.0001920628000159838
validated_probable,59,salt production,1,1.0,319,109,-0.00019206280001601156
validated_probable,60,british capital,1,1.0,319,109,-0.0001920628000159838
validated_probable,61,sugarcane and tobacco cultivation,1,1.0,318,109,8.80938784821178e-05
validated_probable,62,the mandi salt mines,1,1.0,318,109,6.974726828106598e-05
validated_probable,63,foodgrains,3,3.0,319,111,-0.00017185098014360634
validated_probable,64,mining and minerals,1,1.0,318,109,0.00024279381705960557
validated_probable,65,goods imported and expo.rtoa,1,1.0,319,109,-0.00018147565627329998
validated_probable,66,their salt onward to leh,1,1.0,319,109,-0.00019206280001601156
validated_probable,67,grain with rupshu chang-pa for salt,1,1.0,319,109,-0.00019206280001601156
validated_probable,68,kiraiyakashi,1,1.0,319,109,-0.00019206280001601156
validated_probable,69,woolen blankets,1,1.0,318,109,0.00016477498406009677
validated_probable,70,chang-thang sheep's wool,1,1.0,318,109,0.00010760961600824598
validated_probable,71,goats,1,1.0,318,109,0.00016477498406009677
validated_probable,72,butter,2,2.0,318,109,0.00017382905439069368
validated_probable,73,walnut oil revenue,1,1.0,318,109,0.00017701394721893887
validated_probable,74,gujars and their milk,1,1.0,319,109,-0.0001920628000159838
validated_probable,75,salt circuit,1,1.0,318,109,6.392829742282724e-05
validated_probable,76,tibetan salt,2,2.0,319,110,-0.00017521961678913095
validated_probable,77,grain with rupshu chang-pa for salt,1,1.0,319,109,-0.00019206280001601156
validated_probable,78,gujars and their milk,1,1.0,319,109,-0.0001920628000159838
validated_probable,79,coarse wool,1,1.0,318,109,5.488374600270268e-05
validated_probable,80,tsakhalho: salt production and the preservation of a catholic church,1,1.0,319,109,-0.00019206280001601156
validated_probable,81,walnut oil revenue,1,1.0,318,109,0.00017701394721893887
validated_probable,82,duties on goods imported and expo.rtoa,1,1.0,319,109,-0.00018147565627329998
validated_probable,83,foodgrains,3,3.0,319,111,-0.00017185098014360634
validated_probable,84,pashm,4,5.0,309,111,0.002969913299494281
validated_probable,85,woolen goods,1,1.0,319,109,-0.00017955072104747227
validated_probable,86,wooden tubes or buckets,1,1.0,319,109,-0.00018580676053170375
validated_probable,87,horses,2,2.0,313,110,0.0010210141523818925
validated_probable,88,sheep,1,1.0,319,109,-0.00019206280001601156
validated_probable,89,chang-luk sheep,2,2.0,317,110,0.00034708660568522065
validated_probable,90,a young yak,1,1.0,318,109,6.547088974542814e-05
validated_probable,91,cash crops and pastoral goods,2,2.0,319,110,-0.00016559494065929853
validated_probable,92,"agricultural advances, chiefly seed-grain",1,1.0,318,109,0.00015327557934862596
validated_probable,93,cultivator,1,1.0,319,109,-0.0001920628000159838
validated_probable,94,cash instead of cloth,1,1.0,319,109,-0.00019206280001601156
validated_probable,95,pashm,4,5.0,309,111,0.002969913299494281
validated_probable,96,wool,4,4.0,317,110,0.0005682751562803567
validated_probable,97,salt and livestock products,2,2.0,319,110,-0.00016559494065929853
validated_probable,98,"agricultural advances, chiefly seed-grain",1,1.0,318,109,0.00015327557934862596
validated_probable,99,"10,000 maunds of wood annually",1,1.0,319,109,-0.00018917539717706877
validated_probable,100,"their cattle, on their sheep and goats",1,1.0,319,109,-0.00019206280001601156
validated_no_concept,1,goats,1,1.0,107,79,0.000335028065331186
validated_no_concept,2,grains,1,1.0,108,79,-0.00025171983817989796
validated_no_concept,3,salt production,1,1.0,108,79,-0.0002517198381798702
validated_no_concept,4,charas,1,1.0,108,79,-0.00023995125558799735
validated_no_concept,5,cloth,2,2.0,107,79,0.0003467966479230658
validated_no_concept,6,meat,1,1.0,107,79,0.0002764373362842132
validated_no_concept,7,grain,2,2.0,108,80,-0.00021641409040416143
validated_no_concept,8,pack-horses,1,1.0,108,79,-0.0002517198381798702
validated_no_concept,9,tea,4,4.0,105,81,0.0014612627390871921
validated_no_concept,10,salt and wool,1,1.0,108,79,-0.00020856836867618606
validated_no_concept,11,porcelain cups,1,1.0,108,79,-0.00025171983817989796
validated_no_concept,12,coarse wool,1,1.0,108,79,-0.0002517198381799049
validated_no_concept,13,cultivator,1,1.0,108,79,-0.0002517198381799049
validated_no_concept,14,clothes,1,1.0,108,79,-0.00023995125558795571
validated_no_concept,15,sugarcane and tobacco cultivation,1,1.0,108,79,-0.0001850312034923987
validated_no_concept,16,salt from the lakes in trucks,1,1.0,108,79,-0.0002517198381799049
validated_no_concept,17,butter,2,2.0,107,79,0.00031645051709675714
validated_no_concept,18,cultivator,1,1.0,108,79,-0.0002517198381799049
validated_no_concept,19,tsakalho salt taxes,1,1.0,107,79,0.0003283592018624368
validated_no_concept,20,movement of goods,1,1.0,108,79,-0.0002517198381798702
validated_no_concept,21,tea,4,4.0,105,81,0.0014612627390871921
validated_no_concept,22,"apricots, grain, walnuts, and white radish to trade for salt",1,1.0,108,79,-0.0002517198381799049
validated_no_concept,23,pashm,4,5.0,103,81,0.0026933025744314415
validated_no_concept,24,tea,4,4.0,105,81,0.0014612627390871921
validated_no_concept,25,salt production,1,1.0,108,79,-0.0002517198381798702
validated_no_concept,26,charas,1,1.0,108,79,-0.00023995125558799735
validated_no_concept,27,pashm,4,5.0,103,81,0.0026933025744314415
validated_no_concept,28,thousands and thousands of sheep,1,1.0,107,79,0.0003173751914433004
validated_no_concept,29,mandi salt sources,1,1.0,107,79,0.00032538903577964545
validated_no_concept,30,their salt onward to leh,1,1.0,108,79,-0.0002517198381798702
validated_no_concept,31,sugarcane and tobacco cultivation,1,1.0,108,79,-0.0001850312034923987
validated_no_concept,32,clothes to wear,1,1.0,108,79,-0.00023995125558799735
validated_no_concept,33,milk,1,1.0,107,79,0.0002764373362842132
validated_no_concept,34,"apricots, grain, walnuts, and white radish to trade for salt",1,1.0,108,79,-0.0002517198381799049
validated_no_concept,35,wells,2,2.0,108,80,-0.00017130119046845915
validated_no_concept,36,tibetan salt trade,1,1.0,108,79,-0.00025171983817989796
validated_no_concept,37,salt circuit,1,1.0,108,79,-0.0002517198381799049
validated_no_concept,38,indian tea,1,1.0,108,79,-0.00025171983817989796
validated_no_concept,39,punjab salt mines,1,1.0,108,79,-0.0002517198381798702
validated_no_concept,40,grain,2,2.0,108,80,-0.00021641409040416143
validated_no_concept,41,tsakalho salt taxes,1,1.0,107,79,0.0003283592018624368
validated_no_concept,42,salt from the lakes in trucks,1,1.0,108,79,-0.0002517198381799049
validated_no_concept,43,tea,4,4.0,105,81,0.0014612627390871921
validated_no_concept,44,barley,4,4.0,106,80,0.001977632650669199
validated_no_concept,45,cash crops and pastoral goods,1,1.0,108,79,-0.00020856836867618606
validated_no_concept,46,meat,1,1.0,107,79,0.0002764373362842132
validated_no_concept,47,movement of goods,1,1.0,108,79,-0.0002517198381798702
validated_no_concept,48,wooden tubes or buckets,1,1.0,108,79,-0.0002262212425640578
validated_no_concept,49,tibetan horses,1,1.0,107,79,0.0002656121083287333
validated_no_concept,50,mining and minerals,1,1.0,107,79,0.0004983871998808301
validated_no_concept,51,pack-horses,1,1.0,108,79,-0.0002517198381798702
validated_no_concept,52,salt mining in the punjab,1,1.0,108,79,-0.0002517198381798702
validated_no_concept,53,fish,1,1.0,108,79,-0.00025171983817989796
validated_no_concept,54,tibetan salt trade,1,1.0,108,79,-0.00025171983817989796
validated_no_concept,55,fish,1,1.0,108,79,-0.00025171983817989796
validated_no_concept,56,wool,2,2.0,107,79,0.0003467966479230658
validated_no_concept,57,salt mining in the punjab,1,1.0,108,79,-0.0002517198381798702
validated_no_concept,58,hair,1,1.0,107,79,0.0002764373362842132
validated_no_concept,59,cash crops and pastoral goods,1,1.0,108,79,-0.00020856836867618606
validated_no_concept,60,salt pans,1,1.0,108,79,-0.00023995125558795571
validated_no_concept,61,thousanns of mules,1,1.0,108,79,-0.0002517198381798702
validated_no_concept,62,"agricultural advances, chiefly seed-grain",1,1.0,107,79,0.00031950474448367433
validated_no_concept,63,cloth,2,2.0,107,79,0.0003467966479230658
validated_no_concept,64,"apricots, grain, walnuts, and white radish to trade for salt",1,1.0,108,79,-0.0002517198381799049
validated_no_concept,65,woolen goods,1,1.0,108,79,-0.00020856836867618606
validated_no_concept,66,sugarcane and tobacco cultivation,1,1.0,108,79,-0.0001850312034923987
validated_no_concept,67,distribution of salt,1,1.0,108,79,-0.00025171983817989796
validated_no_concept,68,salt pans,1,1.0,108,79,-0.00023995125558795571
validated_no_concept,69,grains,1,1.0,108,79,-0.00025171983817989796
validated_no_concept,70,rice,1,1.0,107,79,0.0003173751914433143
validated_no_concept,71,sugarcane and tobacco cultivation,1,1.0,108,79,-0.0001850312034923987
validated_no_concept,72,thousands and thousands of sheep,1,1.0,107,79,0.0003173751914433004
validated_no_concept,73,cloth,2,2.0,107,79,0.0003467966479230658
validated_no_concept,74,wooden tubes or buckets,1,1.0,108,79,-0.0002262212425640578
validated_no_concept,75,salt pans,1,1.0,108,79,-0.00023995125558795571
validated_no_concept,76,salt and livestock products,2,2.0,108,80,-0.00015757117744456123
validated_no_concept,77,cash crops and pastoral goods,1,1.0,108,79,-0.00020856836867618606
validated_no_concept,78,mining and minerals,1,1.0,107,79,0.0004983871998808301
validated_no_concept,79,salt from the lakes in trucks,1,1.0,108,79,-0.0002517198381799049
validated_no_concept,80,cultivator,1,1.0,108,79,-0.0002517198381799049
validated_no_concept,81,refined salt,1,1.0,108,79,-0.00025171983817989796
validated_no_concept,82,buckets,1,1.0,108,79,-0.0002262212425640578
validated_no_concept,83,salt from the lakes in trucks,1,1.0,108,79,-0.0002517198381799049
validated_no_concept,84,tea,4,4.0,105,81,0.0014612627390871921
validated_no_concept,85,wells,2,2.0,108,80,-0.00017130119046845915
validated_no_concept,86,thousanns of mules,1,1.0,108,79,-0.0002517198381798702
validated_no_concept,87,"agricultural advances, chiefly seed-grain",1,1.0,107,79,0.00031950474448367433
validated_no_concept,88,semi-luxuries like tea and rice,1,1.0,107,79,0.000498723445097736
validated_no_concept,89,salt and livestock products,2,2.0,108,80,-0.00015757117744456123
validated_no_concept,90,british capital,1,1.0,108,79,-0.0002517198381799049
validated_no_concept,91,tibetan horses,1,1.0,107,79,0.0002656121083287333
validated_no_concept,92,foodgrains,3,3.0,108,81,-0.00016933976003648266
validated_no_concept,93,distribution of salt,1,1.0,108,79,-0.00025171983817989796
validated_no_concept,94,manufactured goods,2,2.0,105,80,0.0012019896564135282
validated_no_concept,95,cash crops and pastoral goods,1,1.0,108,79,-0.00020856836867618606
validated_no_concept,96,tea,4,4.0,105,81,0.0014612627390871921
validated_no_concept,97,porcelain cups,1,1.0,108,79,-0.00025171983817989796
validated_no_concept,98,"agricultural advances, chiefly seed-grain",1,1.0,107,79,0.00031950474448367433
validated_no_concept,99,the mandi salt mines,1,1.0,108,79,-0.00023995125558799735
validated_no_concept,100,fish,1,1.0,108,79,-0.00025171983817989796
validated_probable_no_concept,1,salt quarries,1,1.0,130,92,-0.0001685713856757476
validated_probable_no_concept,2,salt circuit,1,1.0,130,92,-0.0001896717707577586
validated_probable_no_concept,3,goats,1,1.0,129,92,0.0002693432431708359
validated_probable_no_concept,4,yak,5,5.0,124,95,0.0022281314964672713
validated_probable_no_concept,5,coarse wool,1,1.0,129,92,0.00010854757596601844
validated_probable_no_concept,6,chang-pa goats,1,1.0,130,92,-0.0001896717707577586
validated_probable_no_concept,7,movement of goods,1,1.0,130,92,-0.0001896717707577586
validated_probable_no_concept,8,tea,4,4.0,127,94,0.0011473578978905136
validated_probable_no_concept,9,their salt onward to leh,1,1.0,130,92,-0.0001896717707577586
validated_probable_no_concept,10,buckets,1,1.0,130,92,-0.00017252770787860167
validated_probable_no_concept,11,meat,2,2.0,127,93,0.0008781464425736685
validated_probable_no_concept,12,grain or dried apricots,1,1.0,129,92,0.000207486459522635
validated_probable_no_concept,13,gujars and their milk,1,1.0,130,92,-0.0001896717707577586
validated_probable_no_concept,14,the salt from this place,1,1.0,130,92,-0.0001896717707577586
validated_probable_no_concept,15,charas,1,1.0,130,92,-0.000173846481946259
validated_probable_no_concept,16,foodgrains,3,3.0,130,94,-0.00013428325991745454
validated_probable_no_concept,17,the salt from tso kar,1,1.0,130,92,-0.000173846481946259
validated_probable_no_concept,18,thousands and thousands of sheep,1,1.0,129,92,0.00025747427656223204
validated_probable_no_concept,19,tibetan salt trade,1,1.0,130,92,-0.00017648403008150432
validated_probable_no_concept,20,charas,1,1.0,130,92,-0.000173846481946259
validated_probable_no_concept,21,"their cattle, on their sheep and goats",1,1.0,130,92,-0.0001896717707577586
validated_probable_no_concept,22,salt and livestock products,2,2.0,130,93,-0.00012637061551170475
validated_probable_no_concept,23,meat,2,2.0,127,93,0.0008781464425736685
validated_probable_no_concept,24,mining and minerals,1,1.0,129,92,0.00039605231156371323
validated_probable_no_concept,25,wool,2,2.0,129,92,0.00027725588757662734
validated_probable_no_concept,26,distribution of salt,1,1.0,130,92,-0.0001896717707577586
validated_probable_no_concept,27,tibetan salt,1,1.0,130,92,-0.0001764840300814835
validated_probable_no_concept,28,tibetan salt,1,1.0,130,92,-0.0001764840300814835
validated_probable_no_concept,29,buckets,1,1.0,130,92,-0.00017252770787860167
validated_probable_no_concept,30,meat,2,2.0,127,93,0.0008781464425736685
validated_probable_no_concept,31,tibetan horses,1,1.0,129,92,0.00021590777392591076
validated_probable_no_concept,32,buckets,1,1.0,130,92,-0.00017252770787860167
validated_probable_no_concept,33,goats,1,1.0,129,92,0.0002693432431708359
validated_probable_no_concept,34,coarse wool,1,1.0,129,92,0.00010854757596601844
validated_probable_no_concept,35,distribution of salt,1,1.0,130,92,-0.0001896717707577586
validated_probable_no_concept,36,chang-luk sheep,2,2.0,128,93,0.00046775651248140426
validated_probable_no_concept,37,thousanns of mules,1,1.0,130,92,-0.0001896717707577586
validated_probable_no_concept,38,cultivator,1,1.0,130,92,-0.0001896717707577586
validated_probable_no_concept,39,livestock,2,2.0,129,92,0.00029266670453829274
validated_probable_no_concept,40,the salt from tso kar,1,1.0,130,92,-0.000173846481946259
validated_probable_no_concept,41,grain,2,2.0,130,93,-0.00015274609686423413
validated_probable_no_concept,42,clothes,1,1.0,130,92,-0.0001817591263520088
validated_probable_no_concept,43,wool,2,2.0,129,92,0.00027725588757662734
validated_probable_no_concept,44,tibetan horses,1,1.0,129,92,0.00021590777392591076
validated_probable_no_concept,45,fish,1,1.0,130,92,-0.00017648403008151126
validated_probable_no_concept,46,thousanns of mules,1,1.0,130,92,-0.0001896717707577586
validated_probable_no_concept,47,tsakalho salt taxes,1,1.0,129,92,0.0002648594113409952
validated_probable_no_concept,48,mandi salt sources,1,1.0,129,92,0.00026777327404271106
validated_probable_no_concept,49,salt from the lakes in trucks,1,1.0,130,92,-0.0001896717707577586
validated_probable_no_concept,50,buckets,1,1.0,130,92,-0.00017252770787860167
validated_probable_no_concept,51,tibetan horses,1,1.0,129,92,0.00021590777392591076
validated_probable_no_concept,52,"ordinary goats, sheep, and cows",1,1.0,130,92,-0.00018967177075774472
validated_probable_no_concept,53,clothes to wear,1,1.0,130,92,-0.00017648403008151126
validated_probable_no_concept,54,salt mining in the punjab,1,1.0,130,92,-0.0001896717707577586
validated_probable_no_concept,55,tea,4,4.0,127,94,0.0011473578978905136
validated_probable_no_concept,56,"their cattle, on their sheep and goats",1,1.0,130,92,-0.0001896717707577586
validated_probable_no_concept,57,thousands and thousands of sheep,1,1.0,129,92,0.00025747427656223204
validated_probable_no_concept,58,mining and minerals,1,1.0,129,92,0.00039605231156371323
validated_probable_no_concept,59,meat,2,2.0,127,93,0.0008781464425736685
validated_probable_no_concept,60,woolen goods,1,1.0,130,92,-0.0001606587412699631
validated_probable_no_concept,61,tibetan rock salt,1,1.0,130,92,-0.0001896717707577586
validated_probable_no_concept,62,chang-thang sheep's wool,1,1.0,129,92,0.000207486459522635
validated_probable_no_concept,63,tsakalho salt taxes,1,1.0,129,92,0.0002648594113409952
validated_probable_no_concept,64,movement of goods,1,1.0,130,92,-0.0001896717707577586
validated_probable_no_concept,65,salt and livestock products,2,2.0,130,93,-0.00012637061551170475
validated_probable_no_concept,66,salt mines,2,2.0,130,93,-0.00013955835618795903
validated_probable_no_concept,67,semi-luxuries like tea and rice,1,1.0,129,92,0.00039561900008432127
validated_probable_no_concept,68,buckets,1,1.0,130,92,-0.00017252770787860167
validated_probable_no_concept,69,grain-salt-rice circuit,1,1.0,129,92,0.00039561900008432127
validated_probable_no_concept,70,their salt onward to leh,1,1.0,130,92,-0.0001896717707577586
validated_probable_no_concept,71,butter,2,2.0,129,92,0.0002590756450728468
validated_probable_no_concept,72,indian tea,1,1.0,130,92,-0.0001896717707577586
validated_probable_no_concept,73,mandi salt sources,1,1.0,129,92,0.00026777327404271106
validated_probable_no_concept,74,indian tea,1,1.0,130,92,-0.0001896717707577586
validated_probable_no_concept,75,"pashm, or 'cashmere",1,1.0,130,92,-0.0001896717707577586
validated_probable_no_concept,76,tibetan horses,1,1.0,129,92,0.00021590777392591076
validated_probable_no_concept,77,butter,2,2.0,129,92,0.0002590756450728468
validated_probable_no_concept,78,sugarcane and tobacco cultivation,1,1.0,130,92,-0.0001369208080527068
validated_probable_no_concept,79,chang-thang sheep's wool,1,1.0,129,92,0.000207486459522635
validated_probable_no_concept,80,refined salt,1,1.0,130,92,-0.0001896717707577586
validated_probable_no_concept,81,punjab salt mines,1,1.0,130,92,-0.0001896717707577586
validated_probable_no_concept,82,pashm,4,5.0,121,94,0.003489105009774583
validated_probable_no_concept,83,cash crops and pastoral goods,1,1.0,130,92,-0.0001606587412699631
validated_probable_no_concept,84,chang-pa goats,1,1.0,130,92,-0.0001896717707577586
validated_probable_no_concept,85,wool,2,2.0,129,92,0.00027725588757662734
validated_probable_no_concept,86,salt beyond their own homes,1,1.0,129,92,0.000207486459522635
validated_probable_no_concept,87,the salt from tso kar,1,1.0,130,92,-0.000173846481946259
validated_probable_no_concept,88,"apricots, grain, walnuts, and white radish to trade for salt",1,1.0,130,92,-0.0001896717707577586
validated_probable_no_concept,89,refined salt,1,1.0,130,92,-0.0001896717707577586
validated_probable_no_concept,90,salt circuit,1,1.0,130,92,-0.0001896717707577586
validated_probable_no_concept,91,tsakhalho: salt production and the preservation of a catholic church,1,1.0,130,92,-0.0001896717707577586
validated_probable_no_concept,92,the salt from tso kar,1,1.0,130,92,-0.000173846481946259
validated_probable_no_concept,93,chang-luk sheep,2,2.0,128,93,0.00046775651248140426
validated_probable_no_concept,94,milk,1,1.0,129,92,0.0002299495778079752
validated_probable_no_concept,95,chang-pa goats,1,1.0,130,92,-0.0001896717707577586
validated_probable_no_concept,96,thousanns of mules,1,1.0,130,92,-0.0001896717707577586
validated_probable_no_concept,97,tibetan horses,1,1.0,129,92,0.00021590777392591076
validated_probable_no_concept,98,salt mines,2,2.0,130,93,-0.00013955835618795903
validated_probable_no_concept,99,refined salt,1,1.0,130,92,-0.0001896717707577586
validated_probable_no_concept,100,long dagger,1,1.0,129,92,0.00026485941134091195
validated_trade_only,1,wooden tubes or buckets,1,1.0,137,68,-0.0002813806452537579
validated_trade_only,2,clothes to wear,1,1.0,136,68,0.00020000787084440558
validated_trade_only,3,tsakhalho: salt production and the preservation of a catholic church,1,1.0,137,68,-0.00030586109479011775
validated_trade_only,4,british capital,1,1.0,137,68,-0.00030586109479011775
validated_trade_only,5,thousands and thousands of sheep,1,1.0,136,68,0.00032916160314366144
validated_trade_only,6,salt from the lakes in trucks,1,1.0,137,68,-0.0003058610947901108
validated_trade_only,7,cash crops and pastoral goods,2,2.0,137,69,-0.0002022899621362262
validated_trade_only,8,chang-luk sheep,1,1.0,137,68,-0.00030586109479011775
validated_trade_only,9,woolen goods,1,1.0,137,68,-0.0002569001957173564
validated_trade_only,10,fish,2,3.0,137,69,-0.0002399521921921735
validated_trade_only,11,dried apricots,1,1.0,137,68,-0.00030586109479011775
validated_trade_only,12,tea,5,5.0,132,71,0.002316977240881035
validated_trade_only,13,clothes,1,1.0,137,68,-0.00030586109479011775
validated_trade_only,14,sheep and goats or horses,1,1.0,136,68,0.00045677216225040174
validated_trade_only,15,coarse wool,1,1.0,137,68,-0.00030586109479011775
validated_trade_only,16,pashm,4,4.0,132,70,0.0025288748173637743
validated_trade_only,17,tea,5,5.0,132,71,0.002316977240881035
validated_trade_only,18,goods,1,2.0,136,68,0.00045677216225040174
validated_trade_only,19,chang-luk sheep,1,1.0,137,68,-0.00030586109479011775
validated_trade_only,20,cultivator,1,1.0,137,68,-0.0003058610947901108
validated_trade_only,21,barley,4,4.0,135,69,0.003166700924648949
validated_trade_only,22,chang-luk sheep,1,1.0,137,68,-0.00030586109479011775
validated_trade_only,23,tsakhalho: salt production and the preservation of a catholic church,1,1.0,137,68,-0.00030586109479011775
validated_trade_only,24,british capital,1,1.0,137,68,-0.00030586109479011775
validated_trade_only,25,barley,4,4.0,135,69,0.003166700924648949
validated_trade_only,26,"10,000 maunds of wood annually",1,1.0,137,68,-0.0002945624257733384
validated_trade_only,27,manufactured goods,2,2.0,134,69,0.0013252286354115128
validated_trade_only,28,four horses,1,1.0,136,68,0.0001114733490512887
validated_trade_only,29,sheep and goats or horses,1,1.0,136,68,0.00045677216225040174
validated_trade_only,30,"apricots, grain, walnuts, and white radish to trade for salt",1,1.0,137,68,-0.0003058610947901108
validated_trade_only,31,cultivator,1,1.0,137,68,-0.0003058610947901108
validated_trade_only,32,their salt onward to leh,1,1.0,137,68,-0.00030586109479011775
validated_trade_only,33,tibetan salt trade,1,1.0,137,68,-0.0003058610947901108
validated_trade_only,34,cloth,1,1.0,136,68,0.0002971919131847314
validated_trade_only,35,indian tea,1,1.0,137,68,-0.0003058610947901108
validated_trade_only,36,grain-salt-rice circuit,1,1.0,136,68,0.0005180629580677637
validated_trade_only,37,salt from the lakes in trucks,1,1.0,137,68,-0.0003058610947901108
validated_trade_only,38,coarse wool,1,1.0,137,68,-0.00030586109479011775
validated_trade_only,39,chang-luk sheep,1,1.0,137,68,-0.00030586109479011775
validated_trade_only,40,"sugar, tea, stearine candles, petroleum, leather trunks, saddles, and so forth",1,1.0,136,68,1.8871325224011082e-05
validated_trade_only,41,salt and wool,1,1.0,137,68,-0.0002569001957173564
validated_trade_only,42,goods,1,2.0,136,68,0.00045677216225040174
validated_trade_only,43,wells,2,2.0,137,69,-0.00022865352317541499
validated_trade_only,44,tibetan horses,1,1.0,136,68,0.0002172169891314496
validated_trade_only,45,mining and minerals,1,1.0,136,68,0.0003853044123201324
validated_trade_only,46,cash crops and pastoral goods,2,2.0,137,69,-0.0002022899621362262
validated_trade_only,47,"agricultural advances, chiefly seed-grain",1,1.0,137,68,-0.00030586109479011775
validated_trade_only,48,goose,1,1.0,137,68,-0.0002813806452537579
validated_trade_only,49,tibetan salt trade,1,1.0,137,68,-0.0003058610947901108
validated_trade_only,50,goose,1,1.0,137,68,-0.0002813806452537579
validated_trade_only,51,a young yak,1,1.0,136,68,0.0001848820896688877
validated_trade_only,52,"agricultural advances, chiefly seed-grain",1,1.0,137,68,-0.00030586109479011775
validated_trade_only,53,milk,1,1.0,136,68,0.0003276094627533768
validated_trade_only,54,salt and wool,1,1.0,137,68,-0.0002569001957173564
validated_trade_only,55,salt and livestock products,2,2.0,137,69,-0.0002022899621362262
validated_trade_only,56,thousanns of mules,1,1.0,137,68,-0.00030586109479011775
validated_trade_only,57,long dagger,1,1.0,136,68,0.0003397070275593661
validated_trade_only,58,thousands and thousands of sheep,1,1.0,136,68,0.00032916160314366144
validated_trade_only,59,cultivator,1,1.0,137,68,-0.0003058610947901108
validated_trade_only,60,wheat,1,1.0,136,68,0.0001606894056564931
validated_trade_only,61,sheep and goats or horses,1,1.0,136,68,0.00045677216225040174
validated_trade_only,62,tibetan rock salt,1,1.0,137,68,-0.0003058610947901108
validated_trade_only,63,salt and livestock products,2,2.0,137,69,-0.0002022899621362262
validated_trade_only,64,clothes to wear,1,1.0,136,68,0.00020000787084440558
validated_trade_only,65,rice,1,1.0,136,68,0.00032916160314368226
validated_trade_only,66,sheep and goats or horses,1,1.0,136,68,0.00045677216225040174
validated_trade_only,67,"10,000 maunds of wood annually",1,1.0,137,68,-0.0002945624257733384
validated_trade_only,68,thousands and thousands of sheep,1,1.0,136,68,0.00032916160314366144
validated_trade_only,69,wells,2,2.0,137,69,-0.00022865352317541499
validated_trade_only,70,salt and livestock products,2,2.0,137,69,-0.0002022899621362262
validated_trade_only,71,foodgrains,3,3.0,137,70,-0.00022677041167262074
validated_trade_only,72,salt and wool,1,1.0,137,68,-0.0002569001957173564
validated_trade_only,73,mining and minerals,1,1.0,136,68,0.0003853044123201324
validated_trade_only,74,coarse wool,1,1.0,137,68,-0.00030586109479011775
validated_trade_only,75,tea,5,5.0,132,71,0.002316977240881035
validated_trade_only,76,mandi rock salt,1,1.0,137,68,-0.00030586109479011775
validated_trade_only,77,tibetan salt,1,1.0,137,68,-0.00030586109479011775
validated_trade_only,78,coarse wool,1,1.0,137,68,-0.00030586109479011775
validated_trade_only,79,chang-luk sheep,1,1.0,137,68,-0.00030586109479011775
validated_trade_only,80,their salt onward to leh,1,1.0,137,68,-0.00030586109479011775
validated_trade_only,81,thousanns of mules,1,1.0,137,68,-0.00030586109479011775
validated_trade_only,82,long dagger,1,1.0,136,68,0.0003397070275593661
validated_trade_only,83,salt production,1,1.0,137,68,-0.00030586109479011775
validated_trade_only,84,foodgrains,3,3.0,137,70,-0.00022677041167262074
validated_trade_only,85,us with fresh meat,1,1.0,136,68,0.00027328342035883024
validated_trade_only,86,tibetan horses,1,1.0,136,68,0.0002172169891314496
validated_trade_only,87,pack-horses,1,1.0,137,68,-0.00030586109479011775
validated_trade_only,88,tibetan rock salt,1,1.0,137,68,-0.0003058610947901108
validated_trade_only,89,wool,3,3.0,134,70,0.0016817092932275776
validated_trade_only,90,salt and wool,1,1.0,137,68,-0.0002569001957173564
validated_trade_only,91,chang-luk sheep,1,1.0,137,68,-0.00030586109479011775
validated_trade_only,92,fish,2,3.0,137,69,-0.0002399521921921735
validated_trade_only,93,long dagger,1,1.0,136,68,0.0003397070275593661
validated_trade_only,94,grain,3,3.0,134,70,0.0013281375817819074
validated_trade_only,95,goose,1,1.0,137,68,-0.0002813806452537579
validated_trade_only,96,tsakhalho: salt production and the preservation of a catholic church,1,1.0,137,68,-0.00030586109479011775
validated_trade_only,97,tsakhalho: salt production and the preservation of a catholic church,1,1.0,137,68,-0.00030586109479011775
validated_trade_only,98,salt and wool,1,1.0,137,68,-0.0002569001957173564
validated_trade_only,99,a young yak,1,1.0,136,68,0.0001848820896688877
validated_trade_only,100,tibetan rock salt,1,1.0,137,68,-0.0003058610947901108
validated_probable_trade_only,1,mandi rock salt,1,1.0,157,86,-0.0002218523598896821
validated_probable_trade_only,2,grain for salt,1,1.0,157,86,-0.00022185235988967517
validated_probable_trade_only,3,the salt from tso kar,1,1.0,156,86,0.00014497917337630978
validated_probable_trade_only,4,barley,5,5.0,153,88,0.0036483150943063605
validated_probable_trade_only,5,chang-luk sheep,2,2.0,155,87,0.0005727703288832958
validated_probable_trade_only,6,clothes,1,1.0,157,86,-0.0002218523598896821
validated_probable_trade_only,7,chang-pa goats,1,1.0,157,86,-0.00022185235988967517
validated_probable_trade_only,8,their salt onward to leh,1,1.0,157,86,-0.0002218523598896821
validated_probable_trade_only,9,buckets,1,1.0,157,86,-0.00020508768435063135
validated_probable_trade_only,10,british capital,1,1.0,157,86,-0.0002218523598896821
validated_probable_trade_only,11,sheep,1,1.0,157,86,-0.0002218523598896821
validated_probable_trade_only,12,gujars and their milk,1,1.0,157,86,-0.00022185235988967517
validated_probable_trade_only,13,dried apricots,1,1.0,157,86,-0.0002218523598896821
validated_probable_trade_only,14,thousands and thousands of sheep,1,1.0,156,86,0.00027005995421375967
validated_probable_trade_only,15,grain-salt-rice circuit,1,1.0,156,86,0.00041357182938765724
validated_probable_trade_only,16,pack-horses,1,1.0,157,86,-0.0002218523598896821
validated_probable_trade_only,17,the salt from this place,1,1.0,157,86,-0.00022185235988967517
validated_probable_trade_only,18,indian tea,1,1.0,157,86,-0.0002218523598896821
validated_probable_trade_only,19,thousands and thousands of sheep,1,1.0,156,86,0.00027005995421375967
validated_probable_trade_only,20,thousanns of mules,1,1.0,157,86,-0.0002218523598896821
validated_probable_trade_only,21,cash crops and pastoral goods,2,2.0,157,87,-0.00015092488645523927
validated_probable_trade_only,22,british capital,1,1.0,157,86,-0.0002218523598896821
validated_probable_trade_only,23,tibetan horses,1,1.0,156,86,0.00018489914714026057
validated_probable_trade_only,24,tea,5,5.0,152,89,0.001819880151898011
validated_probable_trade_only,25,indian salt,2,2.0,157,87,-0.00017671669497686116
validated_probable_trade_only,26,hair,1,1.0,156,86,0.00027306844027701754
validated_probable_trade_only,27,hair,1,1.0,156,86,0.00027306844027701754
validated_probable_trade_only,28,buckets,1,1.0,157,86,-0.00020508768435063135
validated_probable_trade_only,29,british capital,1,1.0,157,86,-0.0002218523598896821
validated_probable_trade_only,30,tibetan salt,2,2.0,157,87,-0.00017671669497686116
validated_probable_trade_only,31,buckets,1,1.0,157,86,-0.00020508768435063135
validated_probable_trade_only,32,the salt from tso kar,1,1.0,156,86,0.00014497917337630978
validated_probable_trade_only,33,barley,5,5.0,153,88,0.0036483150943063605
validated_probable_trade_only,34,indian salt,2,2.0,157,87,-0.00017671669497686116
validated_probable_trade_only,35,"10,000 maunds of wood annually",1,1.0,157,86,-0.00021411481733319554
validated_probable_trade_only,36,mining and minerals,1,1.0,156,86,0.00032101664050004225
validated_probable_trade_only,37,cloth,1,1.0,156,86,0.00024367136120496263
validated_probable_trade_only,38,pashm,4,4.0,147,88,0.003721916524686085
validated_probable_trade_only,39,pack-horses,1,1.0,157,86,-0.0002218523598896821
validated_probable_trade_only,40,wool,3,3.0,154,88,0.001309499425640008
validated_probable_trade_only,41,"their cattle, on their sheep and goats",1,1.0,157,86,-0.0002218523598896821
validated_probable_trade_only,42,tea,5,5.0,152,89,0.001819880151898011
validated_probable_trade_only,43,tibetan salt,2,2.0,157,87,-0.00017671669497686116
validated_probable_trade_only,44,livestock,2,2.0,156,86,0.0003908571734325267
validated_probable_trade_only,45,mining and minerals,1,1.0,156,86,0.00032101664050004225
validated_probable_trade_only,46,"apricots, grain, walnuts, and white radish to trade for salt",1,1.0,157,86,-0.00022185235988967517
validated_probable_trade_only,47,"pashm, or 'cashmere",1,1.0,157,86,-0.00022185235988967517
validated_probable_trade_only,48,buckets,1,1.0,157,86,-0.00020508768435063135
validated_probable_trade_only,49,tibetan salt,2,2.0,157,87,-0.00017671669497686116
validated_probable_trade_only,50,milk,1,1.0,156,86,0.00027306844027701754
validated_probable_trade_only,51,clothes to wear,1,1.0,156,86,0.00017099540412791187
validated_probable_trade_only,52,wells,2,2.0,157,87,-0.0001689791524203746
validated_probable_trade_only,53,chang-pa goats,1,1.0,157,86,-0.00022185235988967517
validated_probable_trade_only,54,thousanns of mules,1,1.0,157,86,-0.0002218523598896821
validated_probable_trade_only,55,the salt from this place,1,1.0,157,86,-0.00022185235988967517
validated_probable_trade_only,56,tibetan horses,1,1.0,156,86,0.00018489914714026057
validated_probable_trade_only,57,british capital,1,1.0,157,86,-0.0002218523598896821
validated_probable_trade_only,58,cash instead of cloth,1,1.0,157,86,-0.0002218523598896821
validated_probable_trade_only,59,tibetan rock salt,1,1.0,157,86,-0.00022185235988967517
validated_probable_trade_only,60,salt beyond their own homes,1,1.0,156,86,0.00017496930085950102
validated_probable_trade_only,61,clothes,1,1.0,157,86,-0.0002218523598896821
validated_probable_trade_only,62,cash crops and pastoral goods,2,2.0,157,87,-0.00015092488645523927
validated_probable_trade_only,63,butter,2,2.0,156,86,0.000346035253030251
validated_probable_trade_only,64,salt production,1,1.0,157,86,-0.0002218523598896821
validated_probable_trade_only,65,buckets,1,1.0,157,86,-0.00020508768435063135
validated_probable_trade_only,66,water of salt lakes,1,1.0,157,86,-0.0002218523598896821
validated_probable_trade_only,67,their salt onward to leh,1,1.0,157,86,-0.0002218523598896821
validated_probable_trade_only,68,goose,1,1.0,157,86,-0.00019941348647587592
validated_probable_trade_only,69,horses,2,2.0,153,87,0.0008308445133732162
validated_probable_trade_only,70,"apricots, grain, walnuts, and white radish to trade for salt",1,1.0,157,86,-0.00022185235988967517
validated_probable_trade_only,71,horses,2,2.0,153,87,0.0008308445133732162
validated_probable_trade_only,72,coarse wool,1,1.0,156,86,0.0001366014734944035
validated_probable_trade_only,73,tibetan salt,2,2.0,157,87,-0.00017671669497686116
validated_probable_trade_only,74,goose,1,1.0,157,86,-0.00019941348647587592
validated_probable_trade_only,75,goods,1,2.0,156,86,0.0003655560791899215
validated_probable_trade_only,76,salt beyond their own homes,1,1.0,156,86,0.00017496930085950102
validated_probable_trade_only,77,long dagger,1,1.0,156,86,0.0002772816605998221
validated_probable_trade_only,78,salt mines,1,1.0,157,86,-0.0002218523598896821
validated_probable_trade_only,79,porcelain cups,1,1.0,157,86,-0.0002218523598896821
validated_probable_trade_only,80,woolen goods,1,1.0,157,86,-0.0001883230088115806
validated_probable_trade_only,81,chang-luk sheep,2,2.0,155,87,0.0005727703288832958
validated_probable_trade_only,82,tea,5,5.0,152,89,0.001819880151898011
validated_probable_trade_only,83,salt market,1,1.0,157,86,-0.00019090218966374278
validated_probable_trade_only,84,pack-horses,1,1.0,157,86,-0.0002218523598896821
validated_probable_trade_only,85,grain,3,3.0,154,88,0.001046389482864396
validated_probable_trade_only,86,long dagger,1,1.0,156,86,0.0002772816605998221
validated_probable_trade_only,87,grain for salt,1,1.0,157,86,-0.00022185235988967517
validated_probable_trade_only,88,grain or dried apricots,1,1.0,156,86,0.00017496930085950102
validated_probable_trade_only,89,pack-horses,1,1.0,157,86,-0.0002218523598896821
validated_probable_trade_only,90,"10,000 maunds of wood annually",1,1.0,157,86,-0.00021411481733319554
validated_probable_trade_only,91,chang-luk sheep,2,2.0,155,87,0.0005727703288832958
validated_probable_trade_only,92,mining and minerals,1,1.0,156,86,0.00032101664050004225
validated_probable_trade_only,93,tibetan salt,2,2.0,157,87,-0.00017671669497686116
validated_probable_trade_only,94,butter,2,2.0,156,86,0.000346035253030251
validated_probable_trade_only,95,long dagger,1,1.0,156,86,0.0002772816605998221
validated_probable_trade_only,96,four horses,1,1.0,156,86,0.00010536714676343678
validated_probable_trade_only,97,salt and wool,1,1.0,157,86,-0.0001883230088115806
validated_probable_trade_only,98,salt beyond their own homes,1,1.0,156,86,0.00017496930085950102
validated_probable_trade_only,99,buckets,1,1.0,157,86,-0.00020508768435063135
validated_probable_trade_only,100,water of salt lakes,1,1.0,157,86,-0.0002218523598896821
